Time,HR
00:00:00,88
00:00:01,88
00:00:02,90
00:00:03,92
00:00:04,94
00:00:05,95
00:00:06,97
00:00:07,98
00:00:08,98
00:00:09,99
00:00:10,99
00:00:11,99
00:00:12,101
00:00:13,101
00:00:14,102
00:00:15,104
00:00:16,104
00:00:17,105
00:00:18,107
00:00:19,108
00:00:20,109
00:00:21,110
00:00:22,111
00:00:23,112
00:00:24,113
00:00:25,114
00:00:26,115
00:00:27,116
00:00:28,117
00:00:29,118
00:00:30,119
00:00:31,120
00:00:32,120
00:00:33,121
00:00:34,121
00:00:35,121
00:00:36,121
00:00:37,120
00:00:38,119
00:00:39,119
00:00:40,118
00:00:41,118
00:00:42,118
00:00:43,118
00:00:44,118
00:00:45,118
00:00:46,118
00:00:47,119
00:00:48,120
00:00:49,120
00:00:50,120
00:00:51,120
00:00:52,121
00:00:53,122
00:00:54,123
00:00:55,124
00:00:56,124
00:00:57,125
00:00:58,126
00:00:59,126
00:01:00,127
00:01:01,127
00:01:02,127
00:01:03,127
00:01:04,127
00:01:05,126
00:01:06,126
00:01:07,126
00:01:08,126
00:01:09,126
00:01:10,126
00:01:11,126
00:01:12,126
00:01:13,125
00:01:14,125
00:01:15,126
00:01:16,126
00:01:17,126
00:01:18,126
00:01:19,127
00:01:20,127
00:01:21,128
00:01:22,129
00:01:23,129
00:01:24,129
00:01:25,130
00:01:26,130
00:01:27,130
00:01:28,130
00:01:29,130
00:01:30,130
00:01:31,130
00:01:32,129
00:01:33,129
00:01:34,129
00:01:35,129
00:01:36,129
00:01:37,129
00:01:38,129
00:01:39,129
00:01:40,129
00:01:41,130
00:01:42,129
00:01:43,129
00:01:44,128
00:01:45,128
00:01:46,127
00:01:47,127
00:01:48,126
00:01:49,126
00:01:50,126
00:01:51,126
00:01:52,126
00:01:53,126
00:01:54,127
00:01:55,128
00:01:56,129
00:01:57,129
00:01:58,129
00:01:59,129
00:02:00,129
00:02:01,130
00:02:02,130
00:02:03,130
00:02:04,131
00:02:05,131
00:02:06,132
00:02:07,132
00:02:08,133
00:02:09,133
00:02:10,133
00:02:11,133
00:02:12,133
00:02:13,133
00:02:14,133
00:02:15,133
00:02:16,134
00:02:17,134
00:02:18,134
00:02:19,134
00:02:20,134
00:02:21,134
00:02:22,134
00:02:23,134
00:02:24,132
00:02:25,132
00:02:26,132
00:02:27,132
00:02:28,132
00:02:29,132
00:02:30,132
00:02:31,132
00:02:32,132
00:02:33,132
00:02:34,133
00:02:35,133
00:02:36,133
00:02:37,133
00:02:38,133
00:02:39,133
00:02:40,134
00:02:41,134
00:02:42,134
00:02:43,134
00:02:44,134
00:02:45,134
00:02:46,134
00:02:47,134
00:02:48,134
00:02:49,134
00:02:50,133
00:02:51,133
00:02:52,133
00:02:53,132
00:02:54,132
00:02:55,132
00:02:56,131
00:02:57,130
00:02:58,130
00:02:59,129
00:03:00,129
00:03:01,128
00:03:02,128
00:03:03,127
00:03:04,127
00:03:05,127
00:03:06,127
00:03:07,127
00:03:08,127
00:03:09,127
00:03:10,126
00:03:11,126
00:03:12,126
00:03:13,126
00:03:14,126
00:03:15,126
00:03:16,125
00:03:17,125
00:03:18,125
00:03:19,125
00:03:20,125
00:03:21,125
00:03:22,125
00:03:23,125
00:03:24,125
00:03:25,125
00:03:26,124
00:03:27,124
00:03:28,124
00:03:29,123
00:03:30,123
00:03:31,122
00:03:32,122
00:03:33,122
00:03:34,122
00:03:35,122
00:03:36,121
00:03:37,121
00:03:38,121
00:03:39,122
00:03:40,122
00:03:41,122
00:03:42,121
00:03:43,121
00:03:44,120
00:03:45,120
00:03:46,121
00:03:47,121
00:03:48,122
00:03:49,123
00:03:50,124
00:03:51,125
00:03:52,125
00:03:53,126
00:03:54,125
00:03:55,125
00:03:56,124
00:03:57,123
00:03:58,123
00:03:59,123
00:04:00,123
00:04:01,123
00:04:02,124
00:04:03,125
00:04:04,125
00:04:05,126
00:04:06,126
00:04:07,127
00:04:08,127
00:04:09,127
00:04:10,127
00:04:11,127
00:04:12,128
00:04:13,128
00:04:14,128
00:04:15,128
00:04:16,128
00:04:17,128
00:04:18,128
00:04:19,128
00:04:20,128
00:04:21,128
00:04:22,128
00:04:23,128
00:04:24,128
00:04:25,128
00:04:26,127
00:04:27,127
00:04:28,127
00:04:29,127
00:04:30,126
00:04:31,124
00:04:32,122
00:04:33,120
00:04:34,119
00:04:35,118
00:04:36,118
00:04:37,117
00:04:38,116
00:04:39,114
00:04:40,113
00:04:41,112
00:04:42,111
00:04:43,111
00:04:44,110
00:04:45,110
00:04:46,109
00:04:47,107
00:04:48,106
00:04:49,103
00:04:50,101
00:04:51,100
00:04:52,98
00:04:53,98
00:04:54,98
00:04:55,99
00:04:56,99
00:04:57,97
00:04:58,96
00:04:59,96
00:05:00,96
00:05:01,96
00:05:02,98
00:05:03,100
00:05:04,101
00:05:05,102
00:05:06,103
00:05:07,104
00:05:08,105
00:05:09,106
00:05:10,107
00:05:11,107
00:05:12,108
00:05:13,109
00:05:14,110
00:05:15,110
00:05:16,110
00:05:17,110
00:05:18,111
00:05:19,113
00:05:20,114
00:05:21,116
00:05:22,118
00:05:23,119
00:05:24,119
00:05:25,120
00:05:26,120
00:05:27,120
00:05:28,120
00:05:29,120
00:05:30,119
00:05:31,119
00:05:32,119
00:05:33,119
00:05:34,119
00:05:35,120
00:05:36,120
00:05:37,120
00:05:38,121
00:05:39,121
00:05:40,122
00:05:41,122
00:05:42,122
00:05:43,122
00:05:44,122
00:05:45,122
00:05:46,122
00:05:47,123
00:05:48,123
00:05:49,123
00:05:50,121
00:05:51,120
00:05:52,120
00:05:53,119
00:05:54,119
00:05:55,118
00:05:56,118
00:05:57,118
00:05:58,118
00:05:59,118
00:06:00,119
00:06:01,119
00:06:02,120
00:06:03,120
00:06:04,121
00:06:05,121
00:06:06,122
00:06:07,122
00:06:08,123
00:06:09,124
00:06:10,124
00:06:11,125
00:06:12,126
00:06:13,126
00:06:14,127
00:06:15,127
00:06:16,127
00:06:17,126
00:06:18,126
00:06:19,126
00:06:20,127
00:06:21,127
00:06:22,127
00:06:23,128
00:06:24,128
00:06:25,128
00:06:26,128
00:06:27,128
00:06:28,128
00:06:29,128
00:06:30,128
00:06:31,128
00:06:32,128
00:06:33,127
00:06:34,127
00:06:35,127
00:06:36,126
00:06:37,127
00:06:38,127
00:06:39,127
00:06:40,127
00:06:41,127
00:06:42,126
00:06:43,126
00:06:44,126
00:06:45,126
00:06:46,126
00:06:47,126
00:06:48,126
00:06:49,126
00:06:50,127
00:06:51,128
00:06:52,129
00:06:53,129
00:06:54,129
00:06:55,130
00:06:56,130
00:06:57,130
00:06:58,130
00:06:59,130
00:07:00,129
00:07:01,129
00:07:02,129
00:07:03,128
00:07:04,129
00:07:05,129
00:07:06,130
00:07:07,130
00:07:08,130
00:07:09,130
00:07:10,130
00:07:11,130
00:07:12,130
00:07:13,130
00:07:14,129
00:07:15,129
00:07:16,129
00:07:17,130
00:07:18,130
00:07:19,130
00:07:20,130
00:07:21,129
00:07:22,128
00:07:23,128
00:07:24,128
00:07:25,128
00:07:26,128
00:07:27,128
00:07:28,128
00:07:29,128
00:07:30,128
00:07:31,128
00:07:32,128
00:07:33,128
00:07:34,127
00:07:35,128
00:07:36,128
00:07:37,128
00:07:38,128
00:07:39,128
00:07:40,129
00:07:41,129
00:07:42,129
00:07:43,129
00:07:44,129
00:07:45,129
00:07:46,129
00:07:47,129
00:07:48,129
00:07:49,128
00:07:50,128
00:07:51,128
00:07:52,128
00:07:53,127
00:07:54,127
00:07:55,127
00:07:56,126
00:07:57,126
00:07:58,126
00:07:59,126
00:08:00,126
00:08:01,127
00:08:02,127
00:08:03,127
00:08:04,127
00:08:05,126
00:08:06,126
00:08:07,126
00:08:08,126
00:08:09,126
00:08:10,127
00:08:11,127
00:08:12,127
00:08:13,127
00:08:14,127
00:08:15,126
00:08:16,126
00:08:17,125
00:08:18,125
00:08:19,125
00:08:20,125
00:08:21,125
00:08:22,125
00:08:23,125
00:08:24,125
00:08:25,124
00:08:26,124
00:08:27,124
00:08:28,124
00:08:29,124
00:08:30,124
00:08:31,124
00:08:32,124
00:08:33,124
00:08:34,124
00:08:35,123
00:08:36,123
00:08:37,122
00:08:38,122
00:08:39,122
00:08:40,121
00:08:41,121
00:08:42,121
00:08:43,122
00:08:44,123
00:08:45,124
00:08:46,124
00:08:47,125
00:08:48,125
00:08:49,125
00:08:50,125
00:08:51,124
00:08:52,124
00:08:53,124
00:08:54,123
00:08:55,123
00:08:56,123
00:08:57,123
00:08:58,123
00:08:59,123
00:09:00,123
00:09:01,123
00:09:02,123
00:09:03,123
00:09:04,123
00:09:05,123
00:09:06,123
00:09:07,123
00:09:08,122
00:09:09,122
00:09:10,122
00:09:11,122
00:09:12,122
00:09:13,122
00:09:14,122
00:09:15,121
00:09:16,121
00:09:17,121
00:09:18,121
00:09:19,121
00:09:20,120
00:09:21,120
00:09:22,121
00:09:23,121
00:09:24,122
00:09:25,122
00:09:26,122
00:09:27,122
00:09:28,122
00:09:29,122
00:09:30,123
00:09:31,123
00:09:32,123
00:09:33,123
00:09:34,123
00:09:35,124
00:09:36,124
00:09:37,124
00:09:38,125
00:09:39,126
00:09:40,126
00:09:41,127
00:09:42,127
00:09:43,126
00:09:44,126
00:09:45,126
00:09:46,126
00:09:47,125
00:09:48,125
00:09:49,126
00:09:50,126
00:09:51,126
00:09:52,126
00:09:53,127
00:09:54,127
00:09:55,127
00:09:56,127
00:09:57,127
00:09:58,128
00:09:59,128
00:10:00,128
00:10:01,129
00:10:02,128
00:10:03,128
00:10:04,127
00:10:05,127
00:10:06,127
00:10:07,127
00:10:08,128
00:10:09,128
00:10:10,128
00:10:11,129
00:10:12,128
00:10:13,128
00:10:14,128
00:10:15,127
00:10:16,126
00:10:17,126
00:10:18,126
00:10:19,125
00:10:20,125
00:10:21,125
00:10:22,126
00:10:23,126
00:10:24,126
00:10:25,126
00:10:26,126
00:10:27,126
00:10:28,126
00:10:29,125
00:10:30,125
00:10:31,124
00:10:32,124
00:10:33,124
00:10:34,124
00:10:35,124
00:10:36,124
00:10:37,124
00:10:38,124
00:10:39,124
00:10:40,124
00:10:41,123
00:10:42,123
00:10:43,123
00:10:44,122
00:10:45,123
00:10:46,123
00:10:47,123
00:10:48,123
00:10:49,123
00:10:50,123
00:10:51,123
00:10:52,122
00:10:53,122
00:10:54,122
00:10:55,121
00:10:56,120
00:10:57,120
00:10:58,119
00:10:59,119
00:11:00,118
00:11:01,117
00:11:02,117
00:11:03,117
00:11:04,116
00:11:05,116
00:11:06,115
00:11:07,116
00:11:08,116
00:11:09,117
00:11:10,118
00:11:11,119
00:11:12,119
00:11:13,120
00:11:14,121
00:11:15,121
00:11:16,121
00:11:17,122
00:11:18,122
00:11:19,122
00:11:20,122
00:11:21,123
00:11:22,122
00:11:23,122
00:11:24,122
00:11:25,122
00:11:26,123
00:11:27,123
00:11:28,124
00:11:29,125
00:11:30,126
00:11:31,126
00:11:32,127
00:11:33,127
00:11:34,127
00:11:35,126
00:11:36,126
00:11:37,126
00:11:38,125
00:11:39,125
00:11:40,126
00:11:41,126
00:11:42,126
00:11:43,126
00:11:44,127
00:11:45,127
00:11:46,127
00:11:47,127
00:11:48,127
00:11:49,127
00:11:50,127
00:11:51,126
00:11:52,126
00:11:53,125
00:11:54,125
00:11:55,126
00:11:56,126
00:11:57,126
00:11:58,126
00:11:59,126
00:12:00,126
00:12:01,126
00:12:02,126
00:12:03,126
00:12:04,125
00:12:05,125
00:12:06,124
00:12:07,124
00:12:08,123
00:12:09,123
00:12:10,123
00:12:11,123
00:12:12,123
00:12:13,123
00:12:14,123
00:12:15,123
00:12:16,122
00:12:17,122
00:12:18,122
00:12:19,122
00:12:20,122
00:12:21,122
00:12:22,123
00:12:23,123
00:12:24,123
00:12:25,123
00:12:26,122
00:12:27,122
00:12:28,121
00:12:29,121
00:12:30,120
00:12:31,121
00:12:32,121
00:12:33,121
00:12:34,122
00:12:35,122
00:12:36,122
00:12:37,122
00:12:38,122
00:12:39,122
00:12:40,122
00:12:41,122
00:12:42,122
00:12:43,122
00:12:44,122
00:12:45,122
00:12:46,121
00:12:47,121
00:12:48,121
00:12:49,121
00:12:50,121
00:12:51,121
00:12:52,122
00:12:53,122
00:12:54,122
00:12:55,122
00:12:56,122
00:12:57,122
00:12:58,122
00:12:59,122
00:13:00,122
00:13:01,122
00:13:02,122
00:13:03,122
00:13:04,122
00:13:05,122
00:13:06,122
00:13:07,122
00:13:08,121
00:13:09,121
00:13:10,121
00:13:11,121
00:13:12,121
00:13:13,122
00:13:14,122
00:13:15,121
00:13:16,122
00:13:17,121
00:13:18,121
00:13:19,121
00:13:20,121
00:13:21,121
00:13:22,121
00:13:23,121
00:13:24,122
00:13:25,121
00:13:26,121
00:13:27,121
00:13:28,120
00:13:29,120
00:13:30,120
00:13:31,119
00:13:32,119
00:13:33,119
00:13:34,119
00:13:35,119
00:13:36,120
00:13:37,120
00:13:38,121
00:13:39,120
00:13:40,120
00:13:41,120
00:13:42,120
00:13:43,120
00:13:44,121
00:13:45,121
00:13:46,121
00:13:47,120
00:13:48,120
00:13:49,120
00:13:50,120
00:13:51,120
00:13:52,120
00:13:53,120
00:13:54,120
00:13:55,120
00:13:56,120
00:13:57,120
00:13:58,120
00:13:59,120
00:14:00,121
00:14:01,121
00:14:02,121
00:14:03,122
00:14:04,122
00:14:05,122
00:14:06,122
00:14:07,122
00:14:08,122
00:14:09,122
00:14:10,121
00:14:11,121
00:14:12,121
00:14:13,121
00:14:14,122
00:14:15,122
00:14:16,122
00:14:17,122
00:14:18,122
00:14:19,121
00:14:20,121
00:14:21,121
00:14:22,121
00:14:23,121
00:14:24,122
00:14:25,122
00:14:26,121
00:14:27,121
00:14:28,121
00:14:29,120
00:14:30,120
00:14:31,119
00:14:32,119
00:14:33,119
00:14:34,119
00:14:35,119
00:14:36,119
00:14:37,119
00:14:38,119
00:14:39,119
00:14:40,119
00:14:41,119
00:14:42,119
00:14:43,119
00:14:44,119
00:14:45,119
00:14:46,119
00:14:47,119
00:14:48,119
00:14:49,119
00:14:50,119
00:14:51,119
00:14:52,119
00:14:53,119
00:14:54,120
00:14:55,120
00:14:56,121
00:14:57,121
00:14:58,121
00:14:59,121
00:15:00,121
00:15:01,121
00:15:02,120
00:15:03,120
00:15:04,120
00:15:05,120
00:15:06,120
00:15:07,119
00:15:08,119
00:15:09,119
00:15:10,118
00:15:11,118
00:15:12,118
00:15:13,118
00:15:14,118
00:15:15,117
00:15:16,117
00:15:17,117
00:15:18,116
00:15:19,116
00:15:20,116
00:15:21,116
00:15:22,115
00:15:23,115
00:15:24,115
00:15:25,116
00:15:26,116
00:15:27,116
00:15:28,116
00:15:29,116
00:15:30,116
00:15:31,116
00:15:32,117
00:15:33,117
00:15:34,118
00:15:35,118
00:15:36,118
00:15:37,118
00:15:38,119
00:15:39,119
00:15:40,119
00:15:41,119
00:15:42,119
00:15:43,119
00:15:44,119
00:15:45,119
00:15:46,120
00:15:47,119
00:15:48,118
00:15:49,118
00:15:50,118
00:15:51,118
00:15:52,118
00:15:53,119
00:15:54,119
00:15:55,120
00:15:56,121
00:15:57,121
00:15:58,121
00:15:59,121
00:16:00,121
00:16:01,120
00:16:02,120
00:16:03,120
00:16:04,119
00:16:05,119
00:16:06,118
00:16:07,118
00:16:08,117
00:16:09,116
00:16:10,115
00:16:11,115
00:16:12,114
00:16:13,114
00:16:14,115
00:16:15,115
00:16:16,117
00:16:17,118
00:16:18,118
00:16:19,118
00:16:20,119
00:16:21,119
00:16:22,120
00:16:23,120
00:16:24,120
00:16:25,120
00:16:26,120
00:16:27,120
00:16:28,120
00:16:29,120
00:16:30,120
00:16:31,120
00:16:32,120
00:16:33,121
00:16:34,120
00:16:35,120
00:16:36,119
00:16:37,119
00:16:38,119
00:16:39,120
00:16:40,121
00:16:41,121
00:16:42,122
00:16:43,123
00:16:44,124
00:16:45,125
00:16:46,125
00:16:47,125
00:16:48,124
00:16:49,123
00:16:50,123
00:16:51,122
00:16:52,122
00:16:53,123
00:16:54,123
00:16:55,123
00:16:56,123
00:16:57,123
00:16:58,123
00:16:59,123
00:17:00,123
00:17:01,122
00:17:02,123
00:17:03,123
00:17:04,122
00:17:05,122
00:17:06,122
00:17:07,122
00:17:08,122
00:17:09,122
00:17:10,122
00:17:11,121
00:17:12,121
00:17:13,121
00:17:14,121
00:17:15,121
00:17:16,121
00:17:17,121
00:17:18,121
00:17:19,121
00:17:20,121
00:17:21,120
00:17:22,121
00:17:23,120
00:17:24,120
00:17:25,120
00:17:26,121
00:17:27,121
00:17:28,121
00:17:29,122
00:17:30,122
00:17:31,121
00:17:32,121
00:17:33,121
00:17:34,121
00:17:35,121
00:17:36,122
00:17:37,122
00:17:38,123
00:17:39,123
00:17:40,123
00:17:41,124
00:17:42,124
00:17:43,122
00:17:44,122
00:17:45,121
00:17:46,122
00:17:47,122
00:17:48,123
00:17:49,123
00:17:50,123
00:17:51,123
00:17:52,123
00:17:53,122
00:17:54,122
00:17:55,122
00:17:56,122
00:17:57,122
00:17:58,122
00:17:59,122
00:18:00,122
00:18:01,122
00:18:02,122
00:18:03,122
00:18:04,122
00:18:05,122
00:18:06,122
00:18:07,122
00:18:08,122
00:18:09,122
00:18:10,122
00:18:11,122
00:18:12,121
00:18:13,121
00:18:14,121
00:18:15,120
00:18:16,120
00:18:17,119
00:18:18,119
00:18:19,119
00:18:20,119
00:18:21,119
00:18:22,119
00:18:23,119
00:18:24,119
00:18:25,119
00:18:26,119
00:18:27,119
00:18:28,119
00:18:29,118
00:18:30,118
00:18:31,119
00:18:32,119
00:18:33,119
00:18:34,119
00:18:35,119
00:18:36,119
00:18:37,119
00:18:38,119
00:18:39,119
00:18:40,118
00:18:41,118
00:18:42,118
00:18:43,118
00:18:44,118
00:18:45,117
00:18:46,117
00:18:47,116
00:18:48,116
00:18:49,116
00:18:50,116
00:18:51,116
00:18:52,116
00:18:53,116
00:18:54,116
00:18:55,116
00:18:56,116
00:18:57,116
00:18:58,116
00:18:59,116
00:19:00,117
00:19:01,117
00:19:02,118
00:19:03,119
00:19:04,119
00:19:05,120
00:19:06,120
00:19:07,120
00:19:08,121
00:19:09,121
00:19:10,122
00:19:11,122
00:19:12,122
00:19:13,122
00:19:14,122
00:19:15,122
00:19:16,122
00:19:17,122
00:19:18,123
00:19:19,122
00:19:20,123
00:19:21,123
00:19:22,123
00:19:23,123
00:19:24,123
00:19:25,123
00:19:26,123
00:19:27,123
00:19:28,124
00:19:29,124
00:19:30,124
00:19:31,124
00:19:32,124
00:19:33,124
00:19:34,125
00:19:35,125
00:19:36,125
00:19:37,125
00:19:38,125
00:19:39,125
00:19:40,124
00:19:41,124
00:19:42,125
00:19:43,125
00:19:44,125
00:19:45,125
00:19:46,125
00:19:47,125
00:19:48,125
00:19:49,125
00:19:50,125
00:19:51,125
00:19:52,125
00:19:53,125
00:19:54,124
00:19:55,124
00:19:56,124
00:19:57,124
00:19:58,124
00:19:59,125
00:20:00,124
00:20:01,125
00:20:02,124
00:20:03,124
00:20:04,123
00:20:05,123
00:20:06,122
00:20:07,122
00:20:08,122
00:20:09,123
00:20:10,123
00:20:11,123
00:20:12,122
00:20:13,122
00:20:14,122
00:20:15,121
00:20:16,120
00:20:17,120
00:20:18,119
00:20:19,119
00:20:20,119
00:20:21,119
00:20:22,119
00:20:23,119
00:20:24,119
00:20:25,119
00:20:26,120
00:20:27,120
00:20:28,120
00:20:29,119
00:20:30,119
00:20:31,119
00:20:32,120
00:20:33,120
00:20:34,121
00:20:35,122
00:20:36,123
00:20:37,124
00:20:38,124
00:20:39,124
00:20:40,124
00:20:41,124
00:20:42,123
00:20:43,122
00:20:44,122
00:20:45,122
00:20:46,122
00:20:47,122
00:20:48,122
00:20:49,122
00:20:50,122
00:20:51,122
00:20:52,122
00:20:53,122
00:20:54,122
00:20:55,122
00:20:56,121
00:20:57,121
00:20:58,122
00:20:59,122
00:21:00,123
00:21:01,123
00:21:02,124
00:21:03,123
00:21:04,123
00:21:05,123
00:21:06,124
00:21:07,124
00:21:08,124
00:21:09,123
00:21:10,123
00:21:11,123
00:21:12,123
00:21:13,122
00:21:14,122
00:21:15,123
00:21:16,123
00:21:17,123
00:21:18,124
00:21:19,124
00:21:20,124
00:21:21,124
00:21:22,123
00:21:23,122
00:21:24,122
00:21:25,121
00:21:26,121
00:21:27,121
00:21:28,121
00:21:29,122
00:21:30,122
00:21:31,122
00:21:32,122
00:21:33,121
00:21:34,121
00:21:35,121
00:21:36,121
00:21:37,121
00:21:38,121
00:21:39,121
00:21:40,121
00:21:41,122
00:21:42,121
00:21:43,121
00:21:44,122
00:21:45,122
00:21:46,122
00:21:47,122
00:21:48,122
00:21:49,122
00:21:50,122
00:21:51,122
00:21:52,122
00:21:53,121
00:21:54,121
00:21:55,121
00:21:56,121
00:21:57,121
00:21:58,121
00:21:59,122
00:22:00,122
00:22:01,122
00:22:02,122
00:22:03,123
00:22:04,123
00:22:05,123
00:22:06,123
00:22:07,124
00:22:08,123
00:22:09,124
00:22:10,124
00:22:11,124
00:22:12,124
00:22:13,124
00:22:14,124
00:22:15,123
00:22:16,123
00:22:17,123
00:22:18,123
00:22:19,123
00:22:20,123
00:22:21,123
00:22:22,123
00:22:23,122
00:22:24,122
00:22:25,122
00:22:26,122
00:22:27,122
00:22:28,122
00:22:29,121
00:22:30,120
00:22:31,120
00:22:32,119
00:22:33,118
00:22:34,118
00:22:35,118
00:22:36,118
00:22:37,118
00:22:38,118
00:22:39,118
00:22:40,119
00:22:41,118
00:22:42,118
00:22:43,118
00:22:44,119
00:22:45,119
00:22:46,120
00:22:47,120
00:22:48,120
00:22:49,120
00:22:50,121
00:22:51,121
00:22:52,122
00:22:53,121
00:22:54,121
00:22:55,121
00:22:56,121
00:22:57,121
00:22:58,121
00:22:59,122
00:23:00,122
00:23:01,123
00:23:02,123
00:23:03,123
00:23:04,123
00:23:05,122
00:23:06,122
00:23:07,121
00:23:08,119
00:23:09,118
00:23:10,118
00:23:11,117
00:23:12,117
00:23:13,118
00:23:14,118
00:23:15,118
00:23:16,118
00:23:17,118
00:23:18,118
00:23:19,118
00:23:20,118
00:23:21,118
00:23:22,118
00:23:23,118
00:23:24,119
00:23:25,119
00:23:26,119
00:23:27,120
00:23:28,119
00:23:29,119
00:23:30,119
00:23:31,120
00:23:32,120
00:23:33,121
00:23:34,121
00:23:35,122
00:23:36,123
00:23:37,124
00:23:38,125
00:23:39,125
00:23:40,126
00:23:41,127
00:23:42,128
00:23:43,129
00:23:44,130
00:23:45,130
00:23:46,131
00:23:47,132
00:23:48,133
00:23:49,133
00:23:50,134
00:23:51,134
00:23:52,135
00:23:53,135
00:23:54,135
00:23:55,136
00:23:56,136
00:23:57,136
00:23:58,136
00:23:59,136
00:24:00,136
00:24:01,136
00:24:02,135
00:24:03,135
00:24:04,135
00:24:05,135
00:24:06,134
00:24:07,135
00:24:08,134
00:24:09,134
00:24:10,134
00:24:11,133
00:24:12,133
00:24:13,133
00:24:14,133
00:24:15,134
00:24:16,134
00:24:17,134
00:24:18,135
00:24:19,135
00:24:20,135
00:24:21,135
00:24:22,135
00:24:23,134
00:24:24,134
00:24:25,134
00:24:26,134
00:24:27,135
00:24:28,134
00:24:29,134
00:24:30,134
00:24:31,134
00:24:32,134
00:24:33,133
00:24:34,133
00:24:35,133
00:24:36,132
00:24:37,132
00:24:38,132
00:24:39,132
00:24:40,132
00:24:41,132
00:24:42,131
00:24:43,130
00:24:44,130
00:24:45,129
00:24:46,128
00:24:47,127
00:24:48,127
00:24:49,126
00:24:50,126
00:24:51,126
00:24:52,126
00:24:53,126
00:24:54,126
00:24:55,125
00:24:56,125
00:24:57,124
00:24:58,125
00:24:59,125
00:25:00,124
00:25:01,124
00:25:02,123
00:25:03,123
00:25:04,123
00:25:05,123
00:25:06,123
00:25:07,123
00:25:08,122
00:25:09,122
00:25:10,122
00:25:11,122
00:25:12,121
00:25:13,122
00:25:14,122
00:25:15,122
00:25:16,123
00:25:17,124
00:25:18,124
00:25:19,124
00:25:20,125
00:25:21,125
00:25:22,124
00:25:23,124
00:25:24,124
00:25:25,123
00:25:26,122
00:25:27,122
00:25:28,122
00:25:29,122
00:25:30,122
00:25:31,121
00:25:32,121
00:25:33,121
00:25:34,121
00:25:35,121
00:25:36,121
00:25:37,121
00:25:38,121
00:25:39,121
00:25:40,121
00:25:41,121
00:25:42,121
00:25:43,121
00:25:44,121
00:25:45,121
00:25:46,121
00:25:47,121
00:25:48,121
00:25:49,121
00:25:50,120
00:25:51,121
00:25:52,121
00:25:53,121
00:25:54,121
00:25:55,121
00:25:56,121
00:25:57,122
00:25:58,122
00:25:59,122
00:26:00,122
00:26:01,122
00:26:02,123
00:26:03,123
00:26:04,122
00:26:05,122
00:26:06,122
00:26:07,122
00:26:08,122
00:26:09,121
00:26:10,121
00:26:11,121
00:26:12,121
00:26:13,120
00:26:14,120
00:26:15,120
00:26:16,120
00:26:17,120
00:26:18,120
00:26:19,120
00:26:20,120
00:26:21,120
00:26:22,120
00:26:23,119
00:26:24,119
00:26:25,118
00:26:26,118
00:26:27,118
00:26:28,118
00:26:29,117
00:26:30,117
00:26:31,117
00:26:32,118
00:26:33,118
00:26:34,119
00:26:35,119
00:26:36,119
00:26:37,119
00:26:38,120
00:26:39,120
00:26:40,119
00:26:41,120
00:26:42,120
00:26:43,120
00:26:44,120
00:26:45,120
00:26:46,119
00:26:47,119
00:26:48,119
00:26:49,119
00:26:50,119
00:26:51,119
00:26:52,119
00:26:53,119
00:26:54,119
00:26:55,120
00:26:56,120
00:26:57,119
00:26:58,119
00:26:59,119
00:27:00,119
00:27:01,118
00:27:02,118
00:27:03,119
00:27:04,119
00:27:05,119
00:27:06,119
00:27:07,119
00:27:08,119
00:27:09,119
00:27:10,120
00:27:11,120
00:27:12,120
00:27:13,120
00:27:14,120
00:27:15,120
00:27:16,121
00:27:17,121
00:27:18,121
00:27:19,120
00:27:20,120
00:27:21,121
00:27:22,121
00:27:23,122
00:27:24,122
00:27:25,122
00:27:26,122
00:27:27,122
00:27:28,122
00:27:29,121
00:27:30,121
00:27:31,121
00:27:32,121
00:27:33,120
00:27:34,120
00:27:35,121
00:27:36,121
00:27:37,121
00:27:38,121
00:27:39,120
00:27:40,120
00:27:41,120
00:27:42,120
00:27:43,119
00:27:44,119
00:27:45,119
00:27:46,119
00:27:47,120
00:27:48,120
00:27:49,120
00:27:50,120
00:27:51,120
00:27:52,119
00:27:53,118
00:27:54,117
00:27:55,117
00:27:56,116
00:27:57,115
00:27:58,115
00:27:59,115
00:28:00,115
00:28:01,114
00:28:02,114
00:28:03,114
00:28:04,113
00:28:05,113
00:28:06,112
00:28:07,112
00:28:08,111
00:28:09,110
00:28:10,109
00:28:11,109
00:28:12,108
00:28:13,108
00:28:14,107
00:28:15,106
00:28:16,105
00:28:17,105
00:28:18,105
00:28:19,104
00:28:20,105
00:28:21,105
00:28:22,106
00:28:23,106
00:28:24,106
00:28:25,106
00:28:26,106
00:28:27,106
00:28:28,106
00:28:29,107
00:28:30,107
00:28:31,108
00:28:32,108
00:28:33,108
00:28:34,108
00:28:35,109
00:28:36,109
00:28:37,109
00:28:38,110
00:28:39,110
00:28:40,111
00:28:41,111
00:28:42,111
00:28:43,112
00:28:44,113
00:28:45,113
00:28:46,114
00:28:47,114
00:28:48,115
00:28:49,115
00:28:50,116
00:28:51,116
00:28:52,117
00:28:53,117
00:28:54,118
00:28:55,118
00:28:56,117
00:28:57,118
00:28:58,118
00:28:59,118
00:29:00,118
00:29:01,117
00:29:02,118
00:29:03,118
00:29:04,118
00:29:05,118
00:29:06,118
00:29:07,118
00:29:08,118
00:29:09,118
00:29:10,118
00:29:11,118
00:29:12,118
00:29:13,118
00:29:14,118
00:29:15,118
00:29:16,119
00:29:17,118
00:29:18,119
00:29:19,118
00:29:20,118
00:29:21,118
00:29:22,118
00:29:23,118
00:29:24,118
00:29:25,118
00:29:26,118
00:29:27,119
00:29:28,119
00:29:29,119
00:29:30,119
00:29:31,119
00:29:32,118
00:29:33,119
00:29:34,118
00:29:35,119
00:29:36,119
00:29:37,119
00:29:38,119
00:29:39,119
00:29:40,120
00:29:41,121
00:29:42,122
00:29:43,122
00:29:44,123
00:29:45,123
00:29:46,123
00:29:47,124
00:29:48,123
00:29:49,123
00:29:50,123
00:29:51,123
00:29:52,123
00:29:53,123
00:29:54,123
00:29:55,123
00:29:56,123
00:29:57,123
00:29:58,123
00:29:59,124
00:30:00,124
00:30:01,124
00:30:02,123
00:30:03,123
00:30:04,123
00:30:05,123
00:30:06,123
00:30:07,123
00:30:08,123
00:30:09,123
00:30:10,123
00:30:11,123
00:30:12,123
00:30:13,123
00:30:14,124
00:30:15,124
00:30:16,124
00:30:17,124
00:30:18,123
00:30:19,123
00:30:20,123
00:30:21,123
00:30:22,122
00:30:23,122
00:30:24,122
00:30:25,121
00:30:26,121
00:30:27,121
00:30:28,121
00:30:29,121
00:30:30,121
00:30:31,121
00:30:32,121
00:30:33,120
00:30:34,120
00:30:35,119
00:30:36,119
00:30:37,119
00:30:38,119
00:30:39,119
00:30:40,119
00:30:41,119
00:30:42,119
00:30:43,119
00:30:44,119
00:30:45,120
00:30:46,120
00:30:47,121
00:30:48,121
00:30:49,122
00:30:50,122
00:30:51,122
00:30:52,122
00:30:53,122
00:30:54,122
00:30:55,122
00:30:56,122
00:30:57,121
00:30:58,121
00:30:59,121
00:31:00,121
00:31:01,122
00:31:02,122
00:31:03,123
00:31:04,123
00:31:05,123
00:31:06,122
00:31:07,122
00:31:08,123
00:31:09,123
00:31:10,124
00:31:11,124
00:31:12,124
00:31:13,124
00:31:14,124
00:31:15,123
00:31:16,122
00:31:17,122
00:31:18,122
00:31:19,122
00:31:20,122
00:31:21,122
00:31:22,121
00:31:23,121
00:31:24,120
00:31:25,120
00:31:26,119
00:31:27,119
00:31:28,118
00:31:29,118
00:31:30,118
00:31:31,119
00:31:32,119
00:31:33,119
00:31:34,120
00:31:35,121
00:31:36,121
00:31:37,122
00:31:38,122
00:31:39,122
00:31:40,123
00:31:41,123
00:31:42,123
00:31:43,123
00:31:44,123
00:31:45,124
00:31:46,124
00:31:47,124
00:31:48,124
00:31:49,123
00:31:50,123
00:31:51,123
00:31:52,123
00:31:53,123
00:31:54,123
00:31:55,122
00:31:56,122
00:31:57,122
00:31:58,121
00:31:59,121
00:32:00,121
00:32:01,121
00:32:02,121
00:32:03,122
00:32:04,122
00:32:05,122
00:32:06,122
00:32:07,122
00:32:08,123
00:32:09,124
00:32:10,124
00:32:11,124
00:32:12,125
00:32:13,125
00:32:14,125
00:32:15,125
00:32:16,124
00:32:17,123
00:32:18,121
00:32:19,121
00:32:20,120
00:32:21,120
00:32:22,120
00:32:23,120
00:32:24,121
00:32:25,121
00:32:26,121
00:32:27,122
00:32:28,122
00:32:29,122
00:32:30,122
00:32:31,122
00:32:32,122
00:32:33,121
00:32:34,122
00:32:35,122
00:32:36,122
00:32:37,123
00:32:38,123
00:32:39,124
00:32:40,125
00:32:41,125
00:32:42,125
00:32:43,125
00:32:44,125
00:32:45,124
00:32:46,124
00:32:47,124
00:32:48,124
00:32:49,124
00:32:50,125
00:32:51,124
00:32:52,125
00:32:53,125
00:32:54,126
00:32:55,127
00:32:56,128
00:32:57,129
00:32:58,130
00:32:59,131
00:33:00,132
00:33:01,133
00:33:02,134
00:33:03,135
00:33:04,136
00:33:05,136
00:33:06,137
00:33:07,137
00:33:08,138
00:33:09,138
00:33:10,139
00:33:11,139
00:33:12,140
00:33:13,140
00:33:14,141
00:33:15,141
00:33:16,141
00:33:17,142
00:33:18,142
00:33:19,142
00:33:20,142
00:33:21,142
00:33:22,142
00:33:23,141
00:33:24,141
00:33:25,140
00:33:26,140
00:33:27,139
00:33:28,139
00:33:29,138
00:33:30,138
00:33:31,137
00:33:32,137
00:33:33,135
00:33:34,134
00:33:35,133
00:33:36,132
00:33:37,132
00:33:38,131
00:33:39,131
00:33:40,130
00:33:41,129
00:33:42,128
00:33:43,127
00:33:44,126
00:33:45,124
00:33:46,123
00:33:47,121
00:33:48,120
00:33:49,118
00:33:50,118
00:33:51,117
00:33:52,116
00:33:53,116
00:33:54,116
00:33:55,116
00:33:56,115
00:33:57,114
00:33:58,114
00:33:59,113
00:34:00,112
00:34:01,110
00:34:02,109
00:34:03,109
00:34:04,109
00:34:05,108
00:34:06,108
00:34:07,108
00:34:08,108
00:34:09,107
00:34:10,107
00:34:11,107
00:34:12,106
00:34:13,106
00:34:14,106
00:34:15,107
00:34:16,107
00:34:17,108
00:34:18,109
00:34:19,109
00:34:20,109
00:34:21,109
00:34:22,108
00:34:23,107
00:34:24,106
00:34:25,105
00:34:26,104
00:34:27,103
00:34:28,103
00:34:29,103
00:34:30,103
00:34:31,103
00:34:32,103
00:34:33,103
00:34:34,102
00:34:35,101
00:34:36,101
00:34:37,100
00:34:38,101
00:34:39,102
00:34:40,102
00:34:41,104
00:34:42,105
00:34:43,107
00:34:44,109
00:34:45,109
00:34:46,110
00:34:47,110
00:34:48,110
00:34:49,111
00:34:50,112
00:34:51,113
00:34:52,114
00:34:53,115
00:34:54,116
00:34:55,117
00:34:56,118
00:34:57,119
00:34:58,119
00:34:59,120
00:35:00,120
00:35:01,121
00:35:02,122
00:35:03,122
00:35:04,122
00:35:05,123
00:35:06,123
00:35:07,123
00:35:08,123
00:35:09,123
00:35:10,123
00:35:11,122
00:35:12,122
00:35:13,122
00:35:14,122
00:35:15,121
00:35:16,121
00:35:17,121
00:35:18,121
00:35:19,121
00:35:20,120
00:35:21,121
00:35:22,120
00:35:23,121
00:35:24,120
00:35:25,120
00:35:26,121
00:35:27,122
00:35:28,122
00:35:29,122
00:35:30,122
00:35:31,122
00:35:32,122
00:35:33,122
00:35:34,122
00:35:35,122
00:35:36,122
00:35:37,122
00:35:38,122
00:35:39,122
00:35:40,123
00:35:41,123
00:35:42,123
00:35:43,123
00:35:44,123
00:35:45,123
00:35:46,123
00:35:47,123
00:35:48,123
00:35:49,123
00:35:50,122
00:35:51,122
00:35:52,122
00:35:53,122
00:35:54,122
00:35:55,122
00:35:56,122
00:35:57,122
00:35:58,122
00:35:59,122
00:36:00,122
00:36:01,121
00:36:02,121
00:36:03,121
00:36:04,121
00:36:05,121
00:36:06,121
00:36:07,121
00:36:08,121
00:36:09,121
00:36:10,121
00:36:11,121
00:36:12,121
00:36:13,121
00:36:14,121
00:36:15,121
00:36:16,121
00:36:17,121
00:36:18,121
00:36:19,121
00:36:20,122
00:36:21,122
00:36:22,122
00:36:23,122
00:36:24,122
00:36:25,122
00:36:26,123
00:36:27,123
00:36:28,123
00:36:29,123
00:36:30,123
00:36:31,123
00:36:32,123
00:36:33,123
00:36:34,123
00:36:35,123
00:36:36,123
00:36:37,123
00:36:38,123
00:36:39,122
00:36:40,122
00:36:41,121
00:36:42,122
00:36:43,122
00:36:44,122
00:36:45,122
00:36:46,122
00:36:47,122
00:36:48,122
00:36:49,121
00:36:50,121
00:36:51,121
00:36:52,120
00:36:53,120
00:36:54,120
00:36:55,120
00:36:56,119
00:36:57,118
00:36:58,118
00:36:59,117
00:37:00,117
00:37:01,117
00:37:02,117
00:37:03,117
00:37:04,117
00:37:05,117
00:37:06,117
00:37:07,117
00:37:08,118
00:37:09,118
00:37:10,118
00:37:11,117
00:37:12,118
00:37:13,118
00:37:14,118
00:37:15,118
00:37:16,118
00:37:17,119
00:37:18,119
00:37:19,119
00:37:20,119
00:37:21,120
00:37:22,120
00:37:23,119
00:37:24,119
00:37:25,119
00:37:26,119
00:37:27,120
00:37:28,120
00:37:29,120
00:37:30,120
00:37:31,120
00:37:32,120
00:37:33,120
00:37:34,120
00:37:35,119
00:37:36,119
00:37:37,119
00:37:38,119
00:37:39,119
00:37:40,119
00:37:41,119
00:37:42,119
00:37:43,119
00:37:44,119
00:37:45,120
00:37:46,120
00:37:47,120
00:37:48,120
00:37:49,120
00:37:50,121
00:37:51,121
00:37:52,120
00:37:53,120
00:37:54,120
00:37:55,120
00:37:56,120
00:37:57,120
00:37:58,120
00:37:59,121
00:38:00,121
00:38:01,121
00:38:02,122
00:38:03,122
00:38:04,122
00:38:05,122
00:38:06,122
00:38:07,123
00:38:08,123
00:38:09,123
00:38:10,123
00:38:11,123
00:38:12,124
00:38:13,124
00:38:14,124
00:38:15,125
00:38:16,125
00:38:17,125
00:38:18,126
00:38:19,126
00:38:20,127
00:38:21,127
00:38:22,127
00:38:23,127
00:38:24,127
00:38:25,126
00:38:26,126
00:38:27,126
00:38:28,125
00:38:29,125
00:38:30,126
00:38:31,126
00:38:32,126
00:38:33,126
00:38:34,127
00:38:35,127
00:38:36,128
00:38:37,128
00:38:38,128
00:38:39,128
00:38:40,128
00:38:41,129
00:38:42,129
00:38:43,129
00:38:44,129
00:38:45,129
00:38:46,129
00:38:47,129
00:38:48,129
00:38:49,129
00:38:50,129
00:38:51,129
00:38:52,129
00:38:53,129
00:38:54,129
00:38:55,129
00:38:56,129
00:38:57,128
00:38:58,128
00:38:59,128
00:39:00,128
00:39:01,128
00:39:02,128
00:39:03,128
00:39:04,128
00:39:05,127
00:39:06,127
00:39:07,127
00:39:08,126
00:39:09,126
00:39:10,126
00:39:11,126
00:39:12,126
00:39:13,125
00:39:14,125
00:39:15,124
00:39:16,124
00:39:17,123
00:39:18,123
00:39:19,122
00:39:20,121
00:39:21,120
00:39:22,119
00:39:23,119
00:39:24,119
00:39:25,119
00:39:26,119
00:39:27,119
00:39:28,119
00:39:29,119
00:39:30,119
00:39:31,119
00:39:32,119
00:39:33,120
00:39:34,120
00:39:35,121
00:39:36,122
00:39:37,122
00:39:38,122
00:39:39,123
00:39:40,123
00:39:41,123
00:39:42,123
00:39:43,123
00:39:44,123
00:39:45,123
00:39:46,123
00:39:47,123
00:39:48,123
00:39:49,123
00:39:50,123
00:39:51,123
00:39:52,123
00:39:53,124
00:39:54,124
00:39:55,124
00:39:56,124
00:39:57,125
00:39:58,125
00:39:59,125
00:40:00,125
00:40:01,124
00:40:02,124
00:40:03,124
00:40:04,124
00:40:05,124
00:40:06,125
00:40:07,125
00:40:08,125
00:40:09,126
00:40:10,126
00:40:11,126
00:40:12,125
00:40:13,125
00:40:14,125
00:40:15,125
00:40:16,125
00:40:17,126
00:40:18,126
00:40:19,126
00:40:20,126
00:40:21,126
00:40:22,126
00:40:23,126
00:40:24,126
00:40:25,126
00:40:26,126
00:40:27,126
00:40:28,126
00:40:29,126
00:40:30,126
00:40:31,126
00:40:32,126
00:40:33,126
00:40:34,126
00:40:35,126
00:40:36,126
00:40:37,126
00:40:38,126
00:40:39,126
00:40:40,126
00:40:41,126
00:40:42,126
00:40:43,126
00:40:44,126
00:40:45,126
00:40:46,126
00:40:47,125
00:40:48,126
00:40:49,126
00:40:50,126
00:40:51,126
00:40:52,126
00:40:53,127
00:40:54,127
00:40:55,127
00:40:56,127
00:40:57,127
00:40:58,127
00:40:59,127
00:41:00,126
00:41:01,127
00:41:02,127
00:41:03,127
00:41:04,127
00:41:05,128
00:41:06,128
00:41:07,128
00:41:08,128
00:41:09,128
00:41:10,128
00:41:11,129
00:41:12,129
00:41:13,130
00:41:14,130
00:41:15,131
00:41:16,131
00:41:17,132
00:41:18,132
00:41:19,132
00:41:20,133
00:41:21,132
00:41:22,132
00:41:23,132
00:41:24,132
00:41:25,132
00:41:26,132
00:41:27,132
00:41:28,132
00:41:29,132
00:41:30,132
00:41:31,132
00:41:32,132
00:41:33,132
00:41:34,132
00:41:35,132
00:41:36,132
00:41:37,131
00:41:38,132
00:41:39,131
00:41:40,131
00:41:41,131
00:41:42,130
00:41:43,130
00:41:44,130
00:41:45,130
00:41:46,129
00:41:47,129
00:41:48,129
00:41:49,129
00:41:50,129
00:41:51,128
00:41:52,129
00:41:53,129
00:41:54,129
00:41:55,129
00:41:56,129
00:41:57,129
00:41:58,129
00:41:59,129
00:42:00,129
00:42:01,129
00:42:02,128
00:42:03,128
00:42:04,128
00:42:05,128
00:42:06,128
00:42:07,128
00:42:08,127
00:42:09,128
00:42:10,128
00:42:11,128
00:42:12,128
00:42:13,128
00:42:14,128
00:42:15,128
00:42:16,128
00:42:17,128
00:42:18,128
00:42:19,128
00:42:20,128
00:42:21,128
00:42:22,128
00:42:23,128
00:42:24,128
00:42:25,128
00:42:26,127
00:42:27,127
00:42:28,127
00:42:29,127
00:42:30,127
00:42:31,128
00:42:32,128
00:42:33,128
00:42:34,128
00:42:35,128
00:42:36,129
00:42:37,128
00:42:38,129
00:42:39,129
00:42:40,129
00:42:41,129
00:42:42,129
00:42:43,129
00:42:44,129
00:42:45,129
00:42:46,129
00:42:47,129
00:42:48,129
00:42:49,129
00:42:50,128
00:42:51,129
00:42:52,129
00:42:53,128
00:42:54,128
00:42:55,128
00:42:56,128
00:42:57,127
00:42:58,127
00:42:59,127
00:43:00,127
00:43:01,126
00:43:02,126
00:43:03,126
00:43:04,126
00:43:05,126
00:43:06,126
00:43:07,126
00:43:08,126
00:43:09,127
00:43:10,126
00:43:11,126
00:43:12,126
00:43:13,125
00:43:14,125
00:43:15,125
00:43:16,126
00:43:17,127
00:43:18,127
00:43:19,127
00:43:20,128
00:43:21,128
00:43:22,128
00:43:23,129
00:43:24,129
00:43:25,128
00:43:26,128
00:43:27,128
00:43:28,127
00:43:29,127
00:43:30,127
00:43:31,128
00:43:32,128
00:43:33,128
00:43:34,128
00:43:35,128
00:43:36,129
00:43:37,129
00:43:38,129
00:43:39,129
00:43:40,129
00:43:41,129
00:43:42,130
00:43:43,130
00:43:44,130
00:43:45,130
00:43:46,130
00:43:47,129
00:43:48,129
00:43:49,129
00:43:50,129
00:43:51,129
00:43:52,129
00:43:53,129
00:43:54,129
00:43:55,129
00:43:56,130
00:43:57,130
00:43:58,130
00:43:59,130
00:44:00,130
00:44:01,130
00:44:02,130
00:44:03,130
00:44:04,130
00:44:05,131
00:44:06,131
00:44:07,131
00:44:08,132
00:44:09,132
00:44:10,132
00:44:11,132
00:44:12,131
00:44:13,131
00:44:14,131
00:44:15,131
00:44:16,130
00:44:17,130
00:44:18,130
00:44:19,130
00:44:20,130
00:44:21,130
00:44:22,130
00:44:23,130
00:44:24,130
00:44:25,131
00:44:26,131
00:44:27,131
00:44:28,131
00:44:29,131
00:44:30,131
00:44:31,131
00:44:32,131
00:44:33,131
00:44:34,131
00:44:35,131
00:44:36,131
00:44:37,131
00:44:38,132
00:44:39,132
00:44:40,132
00:44:41,132
00:44:42,133
00:44:43,133
00:44:44,132
00:44:45,132
00:44:46,131
00:44:47,131
00:44:48,131
00:44:49,131
00:44:50,131
00:44:51,131
00:44:52,131
00:44:53,131
00:44:54,131
00:44:55,131
00:44:56,130
00:44:57,130
00:44:58,130
00:44:59,130
00:45:00,130
00:45:01,130
00:45:02,130
00:45:03,130
00:45:04,130
00:45:05,130
00:45:06,130
00:45:07,130
00:45:08,130
00:45:09,130
00:45:10,130
00:45:11,130
00:45:12,130
00:45:13,130
00:45:14,129
00:45:15,129
00:45:16,129
00:45:17,129
00:45:18,128
00:45:19,128
00:45:20,128
00:45:21,128
00:45:22,128
00:45:23,128
00:45:24,128
00:45:25,127
00:45:26,127
00:45:27,127
00:45:28,127
00:45:29,127
00:45:30,127
00:45:31,126
00:45:32,125
00:45:33,125
00:45:34,125
00:45:35,125
00:45:36,124
00:45:37,125
00:45:38,124
00:45:39,125
00:45:40,125
00:45:41,125
00:45:42,125
00:45:43,125
00:45:44,125
00:45:45,125
00:45:46,125
00:45:47,125
00:45:48,125
00:45:49,125
00:45:50,125
00:45:51,126
00:45:52,125
00:45:53,125
00:45:54,126
00:45:55,126
00:45:56,126
00:45:57,126
00:45:58,126
00:45:59,126
00:46:00,126
00:46:01,126
00:46:02,126
00:46:03,127
00:46:04,127
00:46:05,127
00:46:06,127
00:46:07,126
00:46:08,127
00:46:09,126
00:46:10,126
00:46:11,127
00:46:12,127
00:46:13,127
00:46:14,128
00:46:15,128
00:46:16,128
00:46:17,128
00:46:18,129
00:46:19,129
00:46:20,130
00:46:21,131
00:46:22,131
00:46:23,131
00:46:24,132
00:46:25,131
00:46:26,132
00:46:27,132
00:46:28,132
00:46:29,132
00:46:30,132
00:46:31,132
00:46:32,132
00:46:33,131
00:46:34,131
00:46:35,131
00:46:36,131
00:46:37,131
00:46:38,130
00:46:39,130
00:46:40,129
00:46:41,129
00:46:42,129
00:46:43,129
00:46:44,129
00:46:45,129
00:46:46,129
00:46:47,128
00:46:48,129
00:46:49,129
00:46:50,129
00:46:51,130
00:46:52,130
00:46:53,130
00:46:54,131
00:46:55,131
00:46:56,132
00:46:57,132
00:46:58,132
00:46:59,132
00:47:00,132
00:47:01,132
00:47:02,132
00:47:03,132
00:47:04,132
00:47:05,132
00:47:06,132
00:47:07,132
00:47:08,132
00:47:09,131
00:47:10,131
00:47:11,131
00:47:12,131
00:47:13,131
00:47:14,131
00:47:15,132
00:47:16,132
00:47:17,133
00:47:18,133
00:47:19,134
00:47:20,135
00:47:21,135
00:47:22,135
00:47:23,135
00:47:24,134
00:47:25,133
00:47:26,133
00:47:27,132
00:47:28,131
00:47:29,131
00:47:30,131
00:47:31,131
00:47:32,130
00:47:33,131
00:47:34,131
00:47:35,131
00:47:36,132
00:47:37,132
00:47:38,133
00:47:39,133
00:47:40,134
00:47:41,133
00:47:42,133
00:47:43,133
00:47:44,133
00:47:45,132
00:47:46,132
00:47:47,132
00:47:48,132
00:47:49,132
00:47:50,132
00:47:51,132
00:47:52,132
00:47:53,132
00:47:54,133
00:47:55,132
00:47:56,132
00:47:57,133
00:47:58,133
00:47:59,133
00:48:00,134
00:48:01,134
00:48:02,135
00:48:03,136
00:48:04,136
00:48:05,137
00:48:06,137
00:48:07,137
00:48:08,137
00:48:09,137
00:48:10,137
00:48:11,137
00:48:12,137
00:48:13,137
00:48:14,137
00:48:15,137
00:48:16,137
00:48:17,137
00:48:18,137
00:48:19,136
00:48:20,136
00:48:21,137
00:48:22,136
00:48:23,136
00:48:24,136
00:48:25,136
00:48:26,136
00:48:27,136
00:48:28,136
00:48:29,136
00:48:30,136
00:48:31,136
00:48:32,135
00:48:33,135
00:48:34,135
00:48:35,134
00:48:36,134
00:48:37,133
00:48:38,133
00:48:39,133
00:48:40,133
00:48:41,132
00:48:42,132
00:48:43,132
00:48:44,132
00:48:45,132
00:48:46,132
00:48:47,132
00:48:48,132
00:48:49,132
00:48:50,132
00:48:51,132
00:48:52,131
00:48:53,131
00:48:54,131
00:48:55,131
00:48:56,131
00:48:57,132
00:48:58,132
00:48:59,132
00:49:00,132
00:49:01,132
00:49:02,132
00:49:03,132
00:49:04,132
00:49:05,132
00:49:06,132
00:49:07,132
00:49:08,131
00:49:09,132
00:49:10,132
00:49:11,132
00:49:12,132
00:49:13,132
00:49:14,132
00:49:15,132
00:49:16,132
00:49:17,132
00:49:18,133
00:49:19,133
00:49:20,133
00:49:21,133
00:49:22,133
00:49:23,134
00:49:24,134
00:49:25,134
00:49:26,134
00:49:27,134
00:49:28,134
00:49:29,133
00:49:30,133
00:49:31,133
00:49:32,132
00:49:33,132
00:49:34,132
00:49:35,132
00:49:36,132
00:49:37,132
00:49:38,132
00:49:39,131
00:49:40,131
00:49:41,131
00:49:42,131
00:49:43,131
00:49:44,131
00:49:45,130
00:49:46,130
00:49:47,130
00:49:48,130
00:49:49,130
00:49:50,131
00:49:51,130
00:49:52,130
00:49:53,130
00:49:54,130
00:49:55,130
00:49:56,130
00:49:57,129
00:49:58,129
00:49:59,129
00:50:00,129
00:50:01,129
00:50:02,130
00:50:03,130
00:50:04,131
00:50:05,132
00:50:06,133
00:50:07,134
00:50:08,134
00:50:09,134
00:50:10,134
00:50:11,134
00:50:12,133
00:50:13,133
00:50:14,132
00:50:15,132
00:50:16,131
00:50:17,131
00:50:18,130
00:50:19,130
00:50:20,129
00:50:21,128
00:50:22,128
00:50:23,128
00:50:24,128
00:50:25,127
00:50:26,126
00:50:27,126
00:50:28,126
00:50:29,125
00:50:30,126
00:50:31,126
00:50:32,126
00:50:33,126
00:50:34,126
00:50:35,127
00:50:36,126
00:50:37,126
00:50:38,127
00:50:39,127
00:50:40,127
00:50:41,127
00:50:42,127
00:50:43,127
00:50:44,127
00:50:45,127
00:50:46,127
00:50:47,127
00:50:48,127
00:50:49,128
00:50:50,128
00:50:51,128
00:50:52,129
00:50:53,129
00:50:54,129
00:50:55,129
00:50:56,130
00:50:57,130
00:50:58,130
00:50:59,131
00:51:00,131
00:51:01,131
00:51:02,131
00:51:03,131
00:51:04,132
00:51:05,131
00:51:06,131
00:51:07,131
00:51:08,131
00:51:09,130
00:51:10,130
00:51:11,130
00:51:12,130
00:51:13,130
00:51:14,129
00:51:15,129
00:51:16,129
00:51:17,128
00:51:18,129
00:51:19,128
00:51:20,127
00:51:21,127
00:51:22,128
00:51:23,127
00:51:24,127
00:51:25,128
00:51:26,128
00:51:27,128
00:51:28,128
00:51:29,128
00:51:30,128
00:51:31,128
00:51:32,127
00:51:33,127
00:51:34,128
00:51:35,128
00:51:36,128
00:51:37,128
00:51:38,128
00:51:39,129
00:51:40,129
00:51:41,129
00:51:42,130
00:51:43,130
00:51:44,130
00:51:45,129
00:51:46,129
00:51:47,129
00:51:48,129
00:51:49,129
00:51:50,129
00:51:51,129
00:51:52,129
00:51:53,129
00:51:54,129
00:51:55,129
00:51:56,129
00:51:57,128
00:51:58,128
00:51:59,128
00:52:00,127
00:52:01,127
00:52:02,127
00:52:03,127
00:52:04,127
00:52:05,127
00:52:06,127
00:52:07,126
00:52:08,126
00:52:09,126
00:52:10,126
00:52:11,126
00:52:12,126
00:52:13,126
00:52:14,126
00:52:15,126
00:52:16,126
00:52:17,127
00:52:18,127
00:52:19,128
00:52:20,128
00:52:21,128
00:52:22,128
00:52:23,128
00:52:24,128
00:52:25,128
00:52:26,127
00:52:27,126
00:52:28,126
00:52:29,126
00:52:30,126
00:52:31,126
00:52:32,126
00:52:33,127
00:52:34,128
00:52:35,128
00:52:36,129
00:52:37,130
00:52:38,131
00:52:39,131
00:52:40,132
00:52:41,133
00:52:42,134
00:52:43,135
00:52:44,136
00:52:45,136
00:52:46,137
00:52:47,137
00:52:48,137
00:52:49,138
00:52:50,138
00:52:51,138
00:52:52,138
00:52:53,138
00:52:54,138
00:52:55,138
00:52:56,137
00:52:57,137
00:52:58,137
00:52:59,136
00:53:00,136
00:53:01,136
00:53:02,136
00:53:03,136
00:53:04,137
00:53:05,137
00:53:06,137
00:53:07,136
00:53:08,136
00:53:09,136
00:53:10,135
00:53:11,134
00:53:12,134
00:53:13,133
00:53:14,133
00:53:15,132
00:53:16,132
00:53:17,131
00:53:18,131
00:53:19,131
00:53:20,131
00:53:21,130
00:53:22,129
00:53:23,127
00:53:24,126
00:53:25,125
00:53:26,124
00:53:27,123
00:53:28,123
00:53:29,122
00:53:30,121
00:53:31,119
00:53:32,118
00:53:33,116
00:53:34,116
00:53:35,114
00:53:36,113
00:53:37,113
00:53:38,112
00:53:39,111
00:53:40,112
00:53:41,112
00:53:42,114
00:53:43,115
00:53:44,116
00:53:45,116
00:53:46,116
00:53:47,117
00:53:48,117
00:53:49,117
00:53:50,117
00:53:51,118
00:53:52,118
00:53:53,119
00:53:54,119
00:53:55,119
00:53:56,120
00:53:57,120
00:53:58,120
00:53:59,120
00:54:00,119
00:54:01,119
00:54:02,119
00:54:03,121
00:54:04,122
00:54:05,123
00:54:06,124
00:54:07,125
00:54:08,126
00:54:09,128
00:54:10,129
00:54:11,130
00:54:12,131
00:54:13,132
00:54:14,133
00:54:15,133
00:54:16,134
00:54:17,134
00:54:18,134
00:54:19,135
00:54:20,135
00:54:21,135
00:54:22,135
00:54:23,135
00:54:24,135
00:54:25,135
00:54:26,134
00:54:27,134
00:54:28,133
00:54:29,133
00:54:30,133
00:54:31,133
00:54:32,133
00:54:33,133
00:54:34,133
00:54:35,134
00:54:36,134
00:54:37,134
00:54:38,134
00:54:39,135
00:54:40,135
00:54:41,134
00:54:42,134
00:54:43,134
00:54:44,134
00:54:45,134
00:54:46,133
00:54:47,133
00:54:48,134
00:54:49,134
00:54:50,134
00:54:51,134
00:54:52,134
00:54:53,134
00:54:54,134
00:54:55,134
00:54:56,135
00:54:57,134
00:54:58,134
00:54:59,133
00:55:00,133
00:55:01,133
00:55:02,133
00:55:03,133
00:55:04,134
00:55:05,134
00:55:06,134
00:55:07,134
00:55:08,133
00:55:09,133
00:55:10,133
00:55:11,133
00:55:12,132
00:55:13,132
00:55:14,132
00:55:15,132
00:55:16,132
00:55:17,132
00:55:18,132
00:55:19,132
00:55:20,132
00:55:21,132
00:55:22,132
00:55:23,132
00:55:24,132
00:55:25,132
00:55:26,132
00:55:27,132
00:55:28,132
00:55:29,132
00:55:30,132
00:55:31,132
00:55:32,131
00:55:33,130
00:55:34,130
00:55:35,130
00:55:36,129
00:55:37,128
00:55:38,127
00:55:39,127
00:55:40,126
00:55:41,124
00:55:42,124
00:55:43,123
00:55:44,122
00:55:45,121
00:55:46,120
00:55:47,119
00:55:48,118
00:55:49,116
00:55:50,115
00:55:51,114
00:55:52,113
00:55:53,112
00:55:54,111
00:55:55,110
00:55:56,108
00:55:57,107
00:55:58,107
00:55:59,105
00:56:00,104
00:56:01,103
00:56:02,103
00:56:03,103
00:56:04,102
00:56:05,100
00:56:06,100
00:56:07,102
00:56:08,104
00:56:09,106
00:56:10,108
00:56:11,110
00:56:12,111
00:56:13,111
00:56:14,111
00:56:15,111
00:56:16,111
00:56:17,111
00:56:18,111
00:56:19,112
00:56:20,113
00:56:21,113
00:56:22,114
00:56:23,115
00:56:24,116
00:56:25,117
00:56:26,118
00:56:27,118
00:56:28,119
00:56:29,119
00:56:30,120
00:56:31,120
00:56:32,120
00:56:33,121
00:56:34,122
00:56:35,122
00:56:36,122
00:56:37,122
00:56:38,123
00:56:39,123
00:56:40,124
00:56:41,124
00:56:42,124
00:56:43,124
00:56:44,125
00:56:45,125
00:56:46,125
00:56:47,125
00:56:48,126
00:56:49,126
00:56:50,126
00:56:51,126
00:56:52,126
00:56:53,126
00:56:54,126
00:56:55,126
00:56:56,126
00:56:57,127
00:56:58,127
00:56:59,127
00:57:00,128
00:57:01,129
00:57:02,129
00:57:03,129
00:57:04,130
00:57:05,130
00:57:06,130
00:57:07,130
00:57:08,131
00:57:09,131
00:57:10,131
00:57:11,131
00:57:12,131
00:57:13,131
00:57:14,131
00:57:15,131
00:57:16,132
00:57:17,132
00:57:18,132
00:57:19,132
00:57:20,132
00:57:21,132
00:57:22,132
00:57:23,132
00:57:24,132
00:57:25,131
00:57:26,132
00:57:27,132
00:57:28,132
00:57:29,132
00:57:30,133
00:57:31,133
00:57:32,133
00:57:33,134
00:57:34,134
00:57:35,134
00:57:36,134
00:57:37,134
00:57:38,134
00:57:39,134
00:57:40,134
00:57:41,135
00:57:42,135
00:57:43,135
00:57:44,135
00:57:45,135
00:57:46,135
00:57:47,135
00:57:48,135
00:57:49,135
00:57:50,134
00:57:51,134
00:57:52,134
00:57:53,134
00:57:54,134
00:57:55,135
00:57:56,135
00:57:57,135
00:57:58,135
00:57:59,135
00:58:00,136
00:58:01,136
00:58:02,136
00:58:03,136
00:58:04,136
00:58:05,137
00:58:06,136
00:58:07,136
00:58:08,136
00:58:09,136
00:58:10,137
00:58:11,137
00:58:12,137
00:58:13,137
00:58:14,137
00:58:15,137
00:58:16,137
00:58:17,137
00:58:18,136
00:58:19,136
00:58:20,136
00:58:21,136
00:58:22,135
00:58:23,135
00:58:24,135
00:58:25,135
00:58:26,135
00:58:27,135
00:58:28,135
00:58:29,135
00:58:30,135
00:58:31,135
00:58:32,134
00:58:33,134
00:58:34,134
00:58:35,134
00:58:36,134
00:58:37,134
00:58:38,134
00:58:39,134
00:58:40,134
00:58:41,134
00:58:42,134
00:58:43,134
00:58:44,134
00:58:45,133
00:58:46,134
00:58:47,133
00:58:48,133
00:58:49,133
00:58:50,133
00:58:51,133
00:58:52,133
00:58:53,133
00:58:54,133
00:58:55,133
00:58:56,133
00:58:57,133
00:58:58,133
00:58:59,133
00:59:00,133
00:59:01,133
00:59:02,133
00:59:03,132
00:59:04,132
00:59:05,132
00:59:06,132
00:59:07,132
00:59:08,132
00:59:09,132
00:59:10,132
00:59:11,132
00:59:12,132
00:59:13,132
00:59:14,132
00:59:15,124
00:59:16,126
00:59:17,127
00:59:18,128
00:59:19,129
00:59:20,130
00:59:21,130
00:59:22,131
00:59:23,131
00:59:24,132
00:59:25,132
00:59:26,133
00:59:27,133
00:59:28,134
00:59:29,134
00:59:30,135
00:59:31,135
00:59:32,135
00:59:33,135
00:59:34,136
00:59:35,135
00:59:36,136
00:59:37,136
00:59:38,135
00:59:39,135
00:59:40,135
00:59:41,135
00:59:42,135
00:59:43,135
00:59:44,134
00:59:45,134
00:59:46,134
00:59:47,134
00:59:48,134
00:59:49,134
00:59:50,134
00:59:51,135
00:59:52,135
00:59:53,135
00:59:54,136
00:59:55,136
00:59:56,136
00:59:57,136
00:59:58,136
00:59:59,136
01:00:00,136
01:00:01,136
01:00:02,136
01:00:03,135
01:00:04,135
01:00:05,135
01:00:06,134
01:00:07,135
01:00:08,134
01:00:09,134
01:00:10,134
01:00:11,134
01:00:12,134
01:00:13,134
01:00:14,134
01:00:15,134
01:00:16,133
01:00:17,133
01:00:18,132
01:00:19,132
01:00:20,132
01:00:21,132
01:00:22,131
01:00:23,131
01:00:24,131
01:00:25,131
01:00:26,131
01:00:27,130
01:00:28,130
01:00:29,130
01:00:30,130
01:00:31,130
01:00:32,130
01:00:33,130
01:00:34,129
01:00:35,129
01:00:36,129
01:00:37,129
01:00:38,130
01:00:39,130
01:00:40,130
01:00:41,131
01:00:42,131
01:00:43,131
01:00:44,131
01:00:45,131
01:00:46,130
01:00:47,130
01:00:48,130
01:00:49,130
01:00:50,130
01:00:51,129
01:00:52,129
01:00:53,129
01:00:54,129
01:00:55,129
01:00:56,129
01:00:57,129
01:00:58,129
01:00:59,130
01:01:00,130
01:01:01,130
01:01:02,130
01:01:03,130
01:01:04,131
01:01:05,130
01:01:06,130
01:01:07,130
01:01:08,130
01:01:09,131
01:01:10,131
01:01:11,131
01:01:12,132
01:01:13,132
01:01:14,132
01:01:15,133
01:01:16,133
01:01:17,133
01:01:18,133
01:01:19,133
01:01:20,133
01:01:21,133
01:01:22,133
01:01:23,132
01:01:24,132
01:01:25,132
01:01:26,132
01:01:27,132
01:01:28,132
01:01:29,132
01:01:30,132
01:01:31,132
01:01:32,132
01:01:33,132
01:01:34,132
01:01:35,132
01:01:36,133
01:01:37,133
01:01:38,133
01:01:39,133
01:01:40,133
01:01:41,134
01:01:42,134
01:01:43,134
01:01:44,134
01:01:45,134
01:01:46,134
01:01:47,134
01:01:48,134
01:01:49,133
01:01:50,134
01:01:51,133
01:01:52,133
01:01:53,133
01:01:54,133
01:01:55,133
01:01:56,133
01:01:57,132
01:01:58,132
01:01:59,131
01:02:00,131
01:02:01,131
01:02:02,131
01:02:03,131
01:02:04,131
01:02:05,132
01:02:06,132
01:02:07,132
01:02:08,132
01:02:09,132
01:02:10,133
01:02:11,133
01:02:12,133
01:02:13,133
01:02:14,133
01:02:15,133
01:02:16,132
01:02:17,132
01:02:18,132
01:02:19,132
01:02:20,132
01:02:21,132
01:02:22,132
01:02:23,132
01:02:24,132
01:02:25,132
01:02:26,132
01:02:27,133
01:02:28,133
01:02:29,133
01:02:30,134
01:02:31,134
01:02:32,134
01:02:33,134
01:02:34,134
01:02:35,134
01:02:36,134
01:02:37,134
01:02:38,134
01:02:39,134
01:02:40,134
01:02:41,134
01:02:42,134
01:02:43,134
01:02:44,134
01:02:45,134
01:02:46,133
01:02:47,133
01:02:48,133
01:02:49,132
01:02:50,132
01:02:51,132
01:02:52,132
01:02:53,132
01:02:54,132
01:02:55,133
01:02:56,133
01:02:57,133
01:02:58,133
01:02:59,132
01:03:00,132
01:03:01,132
01:03:02,132
01:03:03,133
01:03:04,133
01:03:05,133
01:03:06,134
01:03:07,135
01:03:08,135
01:03:09,135
01:03:10,135
01:03:11,135
01:03:12,135
01:03:13,135
01:03:14,135
01:03:15,135
01:03:16,135
01:03:17,135
01:03:18,136
01:03:19,136
01:03:20,136
01:03:21,136
01:03:22,136
01:03:23,136
01:03:24,136
01:03:25,136
01:03:26,136
01:03:27,137
01:03:28,137
01:03:29,137
01:03:30,137
01:03:31,137
01:03:32,137
01:03:33,137
01:03:34,137
01:03:35,137
01:03:36,137
01:03:37,137
01:03:38,137
01:03:39,137
01:03:40,137
01:03:41,137
01:03:42,137
01:03:43,137
01:03:44,137
01:03:45,137
01:03:46,137
01:03:47,136
01:03:48,136
01:03:49,136
01:03:50,135
01:03:51,135
01:03:52,135
01:03:53,135
01:03:54,135
01:03:55,134
01:03:56,134
01:03:57,134
01:03:58,133
01:03:59,133
01:04:00,133
01:04:01,134
01:04:02,134
01:04:03,134
01:04:04,134
01:04:05,134
01:04:06,135
01:04:07,135
01:04:08,135
01:04:09,135
01:04:10,135
01:04:11,135
01:04:12,135
01:04:13,135
01:04:14,135
01:04:15,135
01:04:16,135
01:04:17,135
01:04:18,134
01:04:19,134
01:04:20,134
01:04:21,134
01:04:22,134
01:04:23,134
01:04:24,134
01:04:25,134
01:04:26,134
01:04:27,134
01:04:28,134
01:04:29,134
01:04:30,134
01:04:31,133
01:04:32,134
01:04:33,134
01:04:34,134
01:04:35,134
01:04:36,134
01:04:37,134
01:04:38,133
01:04:39,133
01:04:40,134
01:04:41,134
01:04:42,134
01:04:43,134
01:04:44,134
01:04:45,134
01:04:46,134
01:04:47,133
01:04:48,133
01:04:49,133
01:04:50,134
01:04:51,134
01:04:52,134
01:04:53,135
01:04:54,135
01:04:55,135
01:04:56,135
01:04:57,135
01:04:58,135
01:04:59,135
01:05:00,135
01:05:01,135
01:05:02,136
01:05:03,136
01:05:04,136
01:05:05,137
01:05:06,137
01:05:07,137
01:05:08,137
01:05:09,137
01:05:10,137
01:05:11,137
01:05:12,137
01:05:13,137
01:05:14,137
01:05:15,137
01:05:16,136
01:05:17,136
01:05:18,136
01:05:19,136
01:05:20,135
01:05:21,135
01:05:22,135
01:05:23,134
01:05:24,134
01:05:25,133
01:05:26,133
01:05:27,133
01:05:28,133
01:05:29,133
01:05:30,133
01:05:31,133
01:05:32,134
01:05:33,134
01:05:34,134
01:05:35,134
01:05:36,135
01:05:37,134
01:05:38,134
01:05:39,134
01:05:40,134
01:05:41,134
01:05:42,133
01:05:43,133
01:05:44,133
01:05:45,133
01:05:46,133
01:05:47,133
01:05:48,133
01:05:49,134
01:05:50,134
01:05:51,134
01:05:52,134
01:05:53,133
01:05:54,133
01:05:55,133
01:05:56,133
01:05:57,134
01:05:58,134
01:05:59,134
01:06:00,134
01:06:01,134
01:06:02,134
01:06:03,134
01:06:04,134
01:06:05,134
01:06:06,134
01:06:07,134
01:06:08,134
01:06:09,134
01:06:10,134
01:06:11,135
01:06:12,135
01:06:13,135
01:06:14,135
01:06:15,136
01:06:16,136
01:06:17,136
01:06:18,136
01:06:19,136
01:06:20,137
01:06:21,136
01:06:22,136
01:06:23,136
01:06:24,136
01:06:25,136
01:06:26,136
01:06:27,136
01:06:28,136
01:06:29,136
01:06:30,136
01:06:31,136
01:06:32,136
01:06:33,136
01:06:34,136
01:06:35,136
01:06:36,135
01:06:37,135
01:06:38,135
01:06:39,134
01:06:40,134
01:06:41,134
01:06:42,133
01:06:43,132
01:06:44,132
01:06:45,131
01:06:46,131
01:06:47,131
01:06:48,131
01:06:49,131
01:06:50,131
01:06:51,131
01:06:52,132
01:06:53,132
01:06:54,133
01:06:55,133
01:06:56,134
01:06:57,135
01:06:58,135
01:06:59,136
01:07:00,136
01:07:01,137
01:07:02,137
01:07:03,137
01:07:04,138
01:07:05,138
01:07:06,138
01:07:07,138
01:07:08,138
01:07:09,137
01:07:10,137
01:07:11,137
01:07:12,137
01:07:13,138
01:07:14,139
01:07:15,139
01:07:16,140
01:07:17,140
01:07:18,141
01:07:19,142
01:07:20,143
01:07:21,143
01:07:22,144
01:07:23,144
01:07:24,144
01:07:25,145
01:07:26,145
01:07:27,145
01:07:28,145
01:07:29,145
01:07:30,145
01:07:31,144
01:07:32,144
01:07:33,143
01:07:34,143
01:07:35,143
01:07:36,142
01:07:37,142
01:07:38,142
01:07:39,141
01:07:40,141
01:07:41,140
01:07:42,140
01:07:43,139
01:07:44,139
01:07:45,139
01:07:46,138
01:07:47,139
01:07:48,139
01:07:49,139
01:07:50,139
01:07:51,138
01:07:52,138
01:07:53,138
01:07:54,137
01:07:55,137
01:07:56,137
01:07:57,136
01:07:58,136
01:07:59,135
01:08:00,135
01:08:01,135
01:08:02,135
01:08:03,135
01:08:04,135
01:08:05,135
01:08:06,135
01:08:07,134
01:08:08,134
01:08:09,133
01:08:10,133
01:08:11,132
01:08:12,132
01:08:13,132
01:08:14,132
01:08:15,131
01:08:16,131
01:08:17,132
01:08:18,131
01:08:19,132
01:08:20,132
01:08:21,132
01:08:22,131
01:08:23,131
01:08:24,131
01:08:25,131
01:08:26,130
01:08:27,130
01:08:28,129
01:08:29,129
01:08:30,130
01:08:31,129
01:08:32,130
01:08:33,130
01:08:34,131
01:08:35,131
01:08:36,131
01:08:37,131
01:08:38,131
01:08:39,130
01:08:40,130
01:08:41,131
01:08:42,131
01:08:43,131
01:08:44,131
01:08:45,131
01:08:46,131
01:08:47,131
01:08:48,131
01:08:49,131
01:08:50,131
01:08:51,131
01:08:52,132
01:08:53,132
01:08:54,132
01:08:55,132
01:08:56,132
01:08:57,132
01:08:58,132
01:08:59,132
01:09:00,132
01:09:01,132
01:09:02,132
01:09:03,132
01:09:04,131
01:09:05,131
01:09:06,131
01:09:07,130
01:09:08,130
01:09:09,130
01:09:10,130
01:09:11,130
01:09:12,130
01:09:13,130
01:09:14,130
01:09:15,131
01:09:16,130
01:09:17,130
01:09:18,130
01:09:19,130
01:09:20,130
01:09:21,130
01:09:22,131
01:09:23,131
01:09:24,131
01:09:25,131
01:09:26,131
01:09:27,131
01:09:28,131
01:09:29,130
01:09:30,130
01:09:31,130
01:09:32,130
01:09:33,130
01:09:34,130
01:09:35,129
01:09:36,129
01:09:37,129
01:09:38,130
01:09:39,129
01:09:40,129
01:09:41,130
01:09:42,130
01:09:43,130
01:09:44,130
01:09:45,131
01:09:46,131
01:09:47,131
01:09:48,131
01:09:49,131
01:09:50,131
01:09:51,131
01:09:52,131
01:09:53,131
01:09:54,131
01:09:55,131
01:09:56,131
01:09:57,130
01:09:58,130
01:09:59,130
01:10:00,130
01:10:01,130
01:10:02,130
01:10:03,130
01:10:04,130
01:10:05,130
01:10:06,130
01:10:07,130
01:10:08,130
01:10:09,129
01:10:10,129
01:10:11,129
01:10:12,129
01:10:13,129
01:10:14,128
01:10:15,128
01:10:16,128
01:10:17,127
01:10:18,126
01:10:19,126
01:10:20,125
01:10:21,124
01:10:22,123
01:10:23,121
01:10:24,120
01:10:25,119
01:10:26,119
01:10:27,118
01:10:28,118
01:10:29,118
01:10:30,117
01:10:31,116
01:10:32,116
01:10:33,116
01:10:34,116
01:10:35,116
01:10:36,117
01:10:37,118
01:10:38,118
01:10:39,118
01:10:40,118
01:10:41,119
01:10:42,120
01:10:43,121
01:10:44,122
01:10:45,123
01:10:46,124
01:10:47,124
01:10:48,125
01:10:49,126
01:10:50,127
01:10:51,127
01:10:52,126
01:10:53,127
01:10:54,126
01:10:55,126
01:10:56,127
01:10:57,127
01:10:58,126
01:10:59,126
01:11:00,126
01:11:01,126
01:11:02,126
01:11:03,125
01:11:04,126
01:11:05,126
01:11:06,126
01:11:07,126
01:11:08,126
01:11:09,126
01:11:10,127
01:11:11,127
01:11:12,127
01:11:13,127
01:11:14,126
01:11:15,126
01:11:16,126
01:11:17,126
01:11:18,127
01:11:19,127
01:11:20,127
01:11:21,127
01:11:22,128
01:11:23,128
01:11:24,128
01:11:25,128
01:11:26,129
01:11:27,129
01:11:28,129
01:11:29,129
01:11:30,129
01:11:31,129
01:11:32,130
01:11:33,130
01:11:34,130
01:11:35,130
01:11:36,130
01:11:37,130
01:11:38,130
01:11:39,130
01:11:40,130
01:11:41,130
01:11:42,129
01:11:43,130
01:11:44,130
01:11:45,131
01:11:46,131
01:11:47,131
01:11:48,131
01:11:49,131
01:11:50,131
01:11:51,131
01:11:52,130
01:11:53,130
01:11:54,131
01:11:55,131
01:11:56,131
01:11:57,131
01:11:58,131
01:11:59,131
01:12:00,130
01:12:01,130
01:12:02,130
01:12:03,130
01:12:04,130
01:12:05,130
01:12:06,130
01:12:07,131
01:12:08,131
01:12:09,132
01:12:10,132
01:12:11,132
01:12:12,132
01:12:13,132
01:12:14,132
01:12:15,132
01:12:16,132
01:12:17,132
01:12:18,132
01:12:19,132
01:12:20,132
01:12:21,132
01:12:22,133
01:12:23,133
01:12:24,133
01:12:25,133
01:12:26,133
01:12:27,132
01:12:28,132
01:12:29,133
01:12:30,133
01:12:31,133
01:12:32,133
01:12:33,133
01:12:34,133
01:12:35,133
01:12:36,133
01:12:37,133
01:12:38,133
01:12:39,133
01:12:40,133
01:12:41,134
01:12:42,134
01:12:43,135
01:12:44,135
01:12:45,135
01:12:46,135
01:12:47,135
01:12:48,135
01:12:49,135
01:12:50,136
01:12:51,136
01:12:52,137
01:12:53,136
01:12:54,136
01:12:55,136
01:12:56,136
01:12:57,136
01:12:58,137
01:12:59,137
01:13:00,137
01:13:01,136
01:13:02,136
01:13:03,136
01:13:04,136
01:13:05,136
01:13:06,135
01:13:07,135
01:13:08,135
01:13:09,135
01:13:10,134
01:13:11,134
01:13:12,134
01:13:13,134
01:13:14,134
01:13:15,135
01:13:16,134
01:13:17,134
01:13:18,134
01:13:19,134
01:13:20,134
01:13:21,134
01:13:22,134
01:13:23,134
01:13:24,134
01:13:25,134
01:13:26,134
01:13:27,135
01:13:28,135
01:13:29,135
01:13:30,135
01:13:31,136
01:13:32,136
01:13:33,136
01:13:34,135
01:13:35,135
01:13:36,135
01:13:37,135
01:13:38,135
01:13:39,135
01:13:40,134
01:13:41,134
01:13:42,134
01:13:43,134
01:13:44,134
01:13:45,134
01:13:46,134
01:13:47,133
01:13:48,133
01:13:49,133
01:13:50,133
01:13:51,132
01:13:52,132
01:13:53,132
01:13:54,132
01:13:55,132
01:13:56,131
01:13:57,131
01:13:58,131
01:13:59,132
01:14:00,132
01:14:01,132
01:14:02,132
01:14:03,132
01:14:04,132
01:14:05,132
01:14:06,132
01:14:07,131
01:14:08,131
01:14:09,131
01:14:10,131
01:14:11,132
01:14:12,131
01:14:13,131
01:14:14,131
01:14:15,131
01:14:16,131
01:14:17,131
01:14:18,131
01:14:19,131
01:14:20,130
01:14:21,130
01:14:22,130
01:14:23,130
01:14:24,130
01:14:25,130
01:14:26,130
01:14:27,130
01:14:28,130
01:14:29,130
01:14:30,131
01:14:31,131
01:14:32,132
01:14:33,132
01:14:34,133
01:14:35,133
01:14:36,133
01:14:37,133
01:14:38,133
01:14:39,133
01:14:40,132
01:14:41,132
01:14:42,132
01:14:43,132
01:14:44,132
01:14:45,132
01:14:46,132
01:14:47,132
01:14:48,132
01:14:49,133
01:14:50,133
01:14:51,134
01:14:52,134
01:14:53,134
01:14:54,134
01:14:55,135
01:14:56,135
01:14:57,135
01:14:58,135
01:14:59,135
01:15:00,135
01:15:01,135
01:15:02,135
01:15:03,135
01:15:04,135
01:15:05,135
01:15:06,134
01:15:07,134
01:15:08,134
01:15:09,134
01:15:10,134
01:15:11,134
01:15:12,134
01:15:13,134
01:15:14,134
01:15:15,134
01:15:16,134
01:15:17,134
01:15:18,134
01:15:19,134
01:15:20,134
01:15:21,134
01:15:22,134
01:15:23,134
01:15:24,134
01:15:25,134
01:15:26,134
01:15:27,134
01:15:28,134
01:15:29,134
01:15:30,134
01:15:31,134
01:15:32,134
01:15:33,134
01:15:34,134
01:15:35,134
01:15:36,134
01:15:37,134
01:15:38,134
01:15:39,134
01:15:40,134
01:15:41,134
01:15:42,134
01:15:43,134
01:15:44,134
01:15:45,134
01:15:46,134
01:15:47,134
01:15:48,134
01:15:49,134
01:15:50,134
01:15:51,135
01:15:52,135
01:15:53,135
01:15:54,135
01:15:55,134
01:15:56,134
01:15:57,134
01:15:58,134
01:15:59,134
01:16:00,134
01:16:01,134
01:16:02,134
01:16:03,134
01:16:04,133
01:16:05,133
01:16:06,133
01:16:07,134
01:16:08,133
01:16:09,133
01:16:10,133
01:16:11,133
01:16:12,133
01:16:13,133
01:16:14,134
01:16:15,134
01:16:16,134
01:16:17,134
01:16:18,134
01:16:19,134
01:16:20,134
01:16:21,133
01:16:22,132
01:16:23,131
01:16:24,131
01:16:25,131
01:16:26,131
01:16:27,131
01:16:28,131
01:16:29,131
01:16:30,131
01:16:31,132
01:16:32,131
01:16:33,131
01:16:34,131
01:16:35,132
01:16:36,132
01:16:37,132
01:16:38,132
01:16:39,132
01:16:40,133
01:16:41,133
01:16:42,133
01:16:43,133
01:16:44,133
01:16:45,133
01:16:46,133
01:16:47,133
01:16:48,133
01:16:49,133
01:16:50,133
01:16:51,133
01:16:52,132
01:16:53,132
01:16:54,131
01:16:55,131
01:16:56,131
01:16:57,132
01:16:58,132
01:16:59,132
01:17:00,132
01:17:01,132
01:17:02,132
01:17:03,132
01:17:04,132
01:17:05,132
01:17:06,132
01:17:07,132
01:17:08,132
01:17:09,132
01:17:10,132
01:17:11,132
01:17:12,132
01:17:13,132
01:17:14,131
01:17:15,131
01:17:16,131
01:17:17,131
01:17:18,131
01:17:19,131
01:17:20,131
01:17:21,132
01:17:22,132
01:17:23,132
01:17:24,132
01:17:25,132
01:17:26,132
01:17:27,133
01:17:28,133
01:17:29,133
01:17:30,133
01:17:31,133
01:17:32,134
01:17:33,134
01:17:34,134
01:17:35,134
01:17:36,134
01:17:37,134
01:17:38,134
01:17:39,134
01:17:40,134
01:17:41,134
01:17:42,134
01:17:43,134
01:17:44,134
01:17:45,134
01:17:46,134
01:17:47,135
01:17:48,135
01:17:49,135
01:17:50,135
01:17:51,135
01:17:52,135
01:17:53,135
01:17:54,136
01:17:55,136
01:17:56,136
01:17:57,135
01:17:58,135
01:17:59,135
01:18:00,135
01:18:01,135
01:18:02,135
01:18:03,135
01:18:04,135
01:18:05,135
01:18:06,135
01:18:07,135
01:18:08,135
01:18:09,135
01:18:10,135
01:18:11,135
01:18:12,135
01:18:13,136
01:18:14,135
01:18:15,136
01:18:16,136
01:18:17,135
01:18:18,135
01:18:19,136
01:18:20,136
01:18:21,136
01:18:22,135
01:18:23,136
01:18:24,135
01:18:25,135
01:18:26,135
01:18:27,135
01:18:28,135
01:18:29,135
01:18:30,135
01:18:31,135
01:18:32,135
01:18:33,135
01:18:34,135
01:18:35,135
01:18:36,135
01:18:37,135
01:18:38,135
01:18:39,135
01:18:40,136
01:18:41,135
01:18:42,135
01:18:43,136
01:18:44,136
01:18:45,136
01:18:46,136
01:18:47,136
01:18:48,137
01:18:49,137
01:18:50,137
01:18:51,137
01:18:52,137
01:18:53,138
01:18:54,138
01:18:55,138
01:18:56,138
01:18:57,138
01:18:58,138
01:18:59,138
01:19:00,138
01:19:01,138
01:19:02,138
01:19:03,138
01:19:04,137
01:19:05,137
01:19:06,137
01:19:07,137
01:19:08,137
01:19:09,137
01:19:10,138
01:19:11,137
01:19:12,137
01:19:13,138
01:19:14,137
01:19:15,137
01:19:16,137
01:19:17,137
01:19:18,137
01:19:19,137
01:19:20,137
01:19:21,137
01:19:22,137
01:19:23,137
01:19:24,137
01:19:25,136
01:19:26,136
01:19:27,136
01:19:28,136
01:19:29,136
01:19:30,136
01:19:31,135
01:19:32,135
01:19:33,135
01:19:34,135
01:19:35,134
01:19:36,134
01:19:37,134
01:19:38,134
01:19:39,134
01:19:40,134
01:19:41,134
01:19:42,134
01:19:43,134
01:19:44,134
01:19:45,134
01:19:46,133
01:19:47,133
01:19:48,133
01:19:49,133
01:19:50,133
01:19:51,133
01:19:52,133
01:19:53,132
01:19:54,132
01:19:55,131
01:19:56,131
01:19:57,131
01:19:58,130
01:19:59,131
01:20:00,131
01:20:01,131
01:20:02,131
01:20:03,131
01:20:04,131
01:20:05,131
01:20:06,131
01:20:07,131
01:20:08,131
01:20:09,131
01:20:10,131
01:20:11,132
01:20:12,132
01:20:13,132
01:20:14,132
01:20:15,132
01:20:16,132
01:20:17,132
01:20:18,133
01:20:19,133
01:20:20,133
01:20:21,134
01:20:22,134
01:20:23,134
01:20:24,133
01:20:25,133
01:20:26,133
01:20:27,133
01:20:28,133
01:20:29,133
01:20:30,133
01:20:31,133
01:20:32,133
01:20:33,134
01:20:34,134
01:20:35,134
01:20:36,134
01:20:37,134
01:20:38,134
01:20:39,133
01:20:40,134
01:20:41,134
01:20:42,134
01:20:43,134
01:20:44,134
01:20:45,135
01:20:46,134
01:20:47,134
01:20:48,135
01:20:49,134
01:20:50,134
01:20:51,134
01:20:52,134
01:20:53,134
01:20:54,134
01:20:55,134
01:20:56,134
01:20:57,135
01:20:58,135
01:20:59,135
01:21:00,135
01:21:01,135
01:21:02,135
01:21:03,135
01:21:04,135
01:21:05,135
01:21:06,135
01:21:07,134
01:21:08,134
01:21:09,134
01:21:10,134
01:21:11,134
01:21:12,134
01:21:13,134
01:21:14,134
01:21:15,134
01:21:16,134
01:21:17,134
01:21:18,135
01:21:19,135
01:21:20,136
01:21:21,136
01:21:22,136
01:21:23,136
01:21:24,135
01:21:25,135
01:21:26,135
01:21:27,135
01:21:28,135
01:21:29,135
01:21:30,136
01:21:31,136
01:21:32,136
01:21:33,136
01:21:34,136
01:21:35,136
01:21:36,136
01:21:37,135
01:21:38,135
01:21:39,136
01:21:40,136
01:21:41,136
01:21:42,137
01:21:43,137
01:21:44,137
01:21:45,137
01:21:46,137
01:21:47,137
01:21:48,138
01:21:49,137
01:21:50,138
01:21:51,138
01:21:52,137
01:21:53,137
01:21:54,138
01:21:55,138
01:21:56,137
01:21:57,138
01:21:58,138
01:21:59,138
01:22:00,138
01:22:01,138
01:22:02,137
01:22:03,137
01:22:04,137
01:22:05,137
01:22:06,137
01:22:07,137
01:22:08,137
01:22:09,138
01:22:10,138
01:22:11,138
01:22:12,137
01:22:13,138
01:22:14,138
01:22:15,138
01:22:16,138
01:22:17,138
01:22:18,138
01:22:19,138
01:22:20,137
01:22:21,137
01:22:22,137
01:22:23,137
01:22:24,137
01:22:25,138
01:22:26,138
01:22:27,138
01:22:28,138
01:22:29,138
01:22:30,138
01:22:31,138
01:22:32,138
01:22:33,138
01:22:34,138
01:22:35,137
01:22:36,137
01:22:37,137
01:22:38,137
01:22:39,137
01:22:40,136
01:22:41,137
01:22:42,137
01:22:43,137
01:22:44,137
01:22:45,136
01:22:46,136
01:22:47,136
01:22:48,136
01:22:49,136
01:22:50,137
01:22:51,137
01:22:52,137
01:22:53,137
01:22:54,138
01:22:55,138
01:22:56,138
01:22:57,138
01:22:58,138
01:22:59,139
01:23:00,139
01:23:01,140
01:23:02,140
01:23:03,140
01:23:04,140
01:23:05,141
01:23:06,141
01:23:07,141
01:23:08,141
01:23:09,141
01:23:10,141
01:23:11,141
01:23:12,141
01:23:13,141
01:23:14,141
01:23:15,141
01:23:16,141
01:23:17,141
01:23:18,140
01:23:19,141
01:23:20,141
01:23:21,141
01:23:22,141
01:23:23,140
01:23:24,140
01:23:25,140
01:23:26,140
01:23:27,140
01:23:28,140
01:23:29,140
01:23:30,140
01:23:31,140
01:23:32,139
01:23:33,140
01:23:34,140
01:23:35,140
01:23:36,140
01:23:37,140
01:23:38,140
01:23:39,140
01:23:40,139
01:23:41,139
01:23:42,139
01:23:43,139
01:23:44,139
01:23:45,139
01:23:46,140
01:23:47,140
01:23:48,140
01:23:49,140
01:23:50,140
01:23:51,140
01:23:52,140
01:23:53,140
01:23:54,140
01:23:55,140
01:23:56,140
01:23:57,140
01:23:58,141
01:23:59,141
01:24:00,140
01:24:01,140
01:24:02,140
01:24:03,140
01:24:04,140
01:24:05,140
01:24:06,140
01:24:07,140
01:24:08,141
01:24:09,140
01:24:10,140
01:24:11,140
01:24:12,140
01:24:13,140
01:24:14,140
01:24:15,140
01:24:16,141
01:24:17,141
01:24:18,141
01:24:19,142
01:24:20,142
01:24:21,142
01:24:22,142
01:24:23,142
01:24:24,142
01:24:25,142
01:24:26,141
01:24:27,142
01:24:28,142
01:24:29,142
01:24:30,142
01:24:31,142
01:24:32,142
01:24:33,142
01:24:34,142
01:24:35,142
01:24:36,142
01:24:37,143
01:24:38,143
01:24:39,143
01:24:40,144
01:24:41,143
01:24:42,144
01:24:43,144
01:24:44,144
01:24:45,144
01:24:46,144
01:24:47,144
01:24:48,144
01:24:49,143
01:24:50,143
01:24:51,143
01:24:52,143
01:24:53,143
01:24:54,143
01:24:55,143
01:24:56,143
01:24:57,143
01:24:58,143
01:24:59,143
01:25:00,143
01:25:01,143
01:25:02,143
01:25:03,143
01:25:04,143
01:25:05,144
01:25:06,144
01:25:07,144
01:25:08,145
01:25:09,145
01:25:10,145
01:25:11,146
01:25:12,146
01:25:13,146
01:25:14,146
01:25:15,146
01:25:16,147
01:25:17,146
01:25:18,146
01:25:19,146
01:25:20,146
01:25:21,146
01:25:22,147
01:25:23,147
01:25:24,147
01:25:25,147
01:25:26,147
01:25:27,147
01:25:28,147
01:25:29,147
01:25:30,147
01:25:31,147
01:25:32,147
01:25:33,147
01:25:34,147
01:25:35,147
01:25:36,147
01:25:37,147
01:25:38,148
01:25:39,148
01:25:40,148
01:25:41,148
01:25:42,149
01:25:43,149
01:25:44,149
01:25:45,150
01:25:46,150
01:25:47,150
01:25:48,151
01:25:49,151
01:25:50,151
01:25:51,151
01:25:52,151
01:25:53,151
01:25:54,151
01:25:55,152
01:25:56,152
01:25:57,152
01:25:58,152
01:25:59,152
01:26:00,152
01:26:01,152
01:26:02,152
01:26:03,152
01:26:04,152
01:26:05,152
01:26:06,152
01:26:07,152
01:26:08,152
01:26:09,151
01:26:10,150
01:26:11,150
01:26:12,150
01:26:13,149
01:26:14,149
01:26:15,148
01:26:16,147
01:26:17,147
01:26:18,146
01:26:19,146
01:26:20,146
01:26:21,145
01:26:22,145
01:26:23,145
01:26:24,145
01:26:25,145
01:26:26,145
01:26:27,144
01:26:28,144
01:26:29,143
01:26:30,143
01:26:31,143
01:26:32,143
01:26:33,143
01:26:34,142
01:26:35,142
01:26:36,141
01:26:37,141
01:26:38,141
01:26:39,140
01:26:40,140
01:26:41,140
01:26:42,140
01:26:43,139
01:26:44,139
01:26:45,139
01:26:46,139
01:26:47,139
01:26:48,139
01:26:49,139
01:26:50,138
01:26:51,138
01:26:52,138
01:26:53,138
01:26:54,138
01:26:55,138
01:26:56,138
01:26:57,137
01:26:58,137
01:26:59,137
01:27:00,137
01:27:01,136
01:27:02,137
01:27:03,137
01:27:04,137
01:27:05,138
01:27:06,138
01:27:07,138
01:27:08,138
01:27:09,138
01:27:10,138
01:27:11,137
01:27:12,137
01:27:13,136
01:27:14,136
01:27:15,137
01:27:16,137
01:27:17,137
01:27:18,137
01:27:19,137
01:27:20,137
01:27:21,137
01:27:22,137
01:27:23,137
01:27:24,137
01:27:25,137
01:27:26,137
01:27:27,137
01:27:28,137
01:27:29,138
01:27:30,138
01:27:31,139
01:27:32,139
01:27:33,140
01:27:34,140
01:27:35,140
01:27:36,140
01:27:37,140
01:27:38,140
01:27:39,139
01:27:40,139
01:27:41,139
01:27:42,139
01:27:43,139
01:27:44,139
01:27:45,138
01:27:46,138
01:27:47,138
01:27:48,138
01:27:49,138
01:27:50,138
01:27:51,137
01:27:52,137
01:27:53,137
01:27:54,136
01:27:55,136
01:27:56,136
01:27:57,136
01:27:58,135
01:27:59,135
01:28:00,135
01:28:01,134
01:28:02,134
01:28:03,134
01:28:04,133
01:28:05,133
01:28:06,134
01:28:07,134
01:28:08,135
01:28:09,135
01:28:10,135
01:28:11,136
01:28:12,136
01:28:13,136
01:28:14,137
01:28:15,137
01:28:16,137
01:28:17,137
01:28:18,137
01:28:19,137
01:28:20,137
01:28:21,136
01:28:22,136
01:28:23,136
01:28:24,135
01:28:25,135
01:28:26,135
01:28:27,135
01:28:28,135
01:28:29,134
01:28:30,134
01:28:31,133
01:28:32,133
01:28:33,133
01:28:34,133
01:28:35,134
01:28:36,134
01:28:37,134
01:28:38,134
01:28:39,134
01:28:40,134
01:28:41,134
01:28:42,134
01:28:43,134
01:28:44,134
01:28:45,134
01:28:46,134
01:28:47,135
01:28:48,134
01:28:49,135
01:28:50,134
01:28:51,135
01:28:52,134
01:28:53,135
01:28:54,135
01:28:55,136
01:28:56,136
01:28:57,137
01:28:58,139
01:28:59,139
01:29:00,140
01:29:01,141
01:29:02,141
01:29:03,141
01:29:04,140
01:29:05,140
01:29:06,140
01:29:07,139
01:29:08,138
01:29:09,137